id,identification,number,cost,price,profit,wage,description
1,RB11B110,20,530,40000,45000,2650000,Bich_noi_ong_phun_PPR_DN_110_PN20
2,RB12B125,10,360,13000,15000,720000,Bich_noi_ong_phun_PPR_DN_125_PN20
3,RB144016,10,630,1000,5000,2520000,Bich_noi_ong_phun_PPR_DN_140_PN16
4,RB50RB50,60,150,6000,15000,1350000,Bich_noi_ong_phun_PPR_DN_50_PN20
5,RB63RB63,50,910,10000,15000,4550000,Bich_noi_ong_phun_PPR_DN_63_PN20
6,RB75RB75,50,880,35000,45000,8800000,Bich_noi_ong_phun_PPR_DN_75_PN20
7,RB90RB90,30,700,26000,35000,6300000,Bich_noi_ong_phun_PPR_DN_90_PN20
8,RDB1B110,20,810,18000,25000,5670000,Dau_bit_phun_PPR_DN_110_PN20
9,RDB2DB20,600,430,49000,55000,2580000,Dau_bit_phun_PPR_DN_20_PN20
10,RDB2DB25,360,760,18000,25000,5320000,Dau_bit_phun_PPR_DN_25_PN20
11,RDB3DB32,400,90,27000,35000,720000,Dau_bit_phun_PPR_DN_32_PN20
12,RDB4DB40,300,610,41000,45000,2440000,Dau_bit_phun_PPR_DN_40_PN20
13,RDB5DB50,120,740,32000,35000,2220000,Dau_bit_phun_PPR_DN_50_PN20
14,RDB6DB63,100,750,38000,45000,5250000,Dau_bit_phun_PPR_DN_63_PN20
15,RDB7DB75,50,60,28000,35000,420000,Dau_bit_phun_PPR_DN_75_PN20
16,RDB9DB90,30,70,37000,45000,560000,Dau_bit_phun_PPR_DN_90_PN20
17,RDKT1050,100,140,10000,15000,700000,Dai_khoi_thuy_han_cam_phun_PPR_DN110-50_PN20
18,RDKT4020,400,80,40000,45000,400000,Dai_khoi_thuy_han_cam_phun_PPR_DN_40-20_PN20
19,RDKT5020,400,80,1000,5000,320000,Dai_khoi_thuy_han_cam_phun_PPR_DN_50_-20_PN20
20,RDKT5025,320,10,42000,45000,30000,Dai_khoi_thuy_han_cam_phun_PPR_DN_50-25_PN20
21,RDKT6320,400,80,15000,25000,800000,Dai_khoi_thuy_han_cam_phun_PPR_DN_63_-20_PN20
22,RDKT6325,320,130,17000,25000,1040000,Dai_khoi_thuy_han_cam_phun_PPR_DN_63-25_PN20
23,RDKT6332,300,20,23000,25000,40000,Dai_khoi_thuy_han_cam_phun_PPR_DN_63-32_PN20
24,RDKT7525,300,80,9000,15000,480000,Dai_khoi_thuy_han_cam_phun_PPR_DN_75_-25_PN20
25,RDKT7532,300,160,20000,25000,800000,Dai_khoi_thuy_han_cam_phun_PPR_DN_75-32_PN20
26,RDKT7540,180,200,38000,45000,1400000,Dai_khoi_thuy_han_cam_phun_PPR_DN_75_-40_PN20
27,RDKT9020,400,120,37000,45000,960000,Dai_khoi_thuy_han_cam_phun_PPR_DN_90-20_PN20
28,RDKT9025,300,140,39000,45000,840000,Dai_khoi_thuy_han_cam_phun_PPR_DN_90_-25_PN20
29,RDKT9040,180,90,13000,15000,180000,Dai_khoi_thuy_han_cam_phun_PPR_DN_90_-40_PN20
30,ROT2OT20,210,180,44000,55000,1980000,ong_tranh_PPR_DN_20_PN20
31,ROT2OT25,120,20,48000,55000,140000,ong_tranh_PPR_DN_25_PN20
32,RV20RV20,60,120,2000,5000,360000,Van_chan_phun_PPR_DN_20
33,RV25RV25,60,130,38000,45000,910000,Van_chan_phun_PPR_DN_25
34,RV32RV32,36,160,4000,5000,160000,Van_chan_phun_PPR_DN_32
35,RV40RV40,20,30,2000,5000,90000,Van_chan_phun_PPR_DN_40
36,RV50RV50,20,100,40000,45000,500000,Van_chan_phun_PPR_DN_50
37,RVC2VC20,60,140,28000,35000,980000,Van_cua_phun_PPR_DN_20
38,RVC2VC25,40,20,7000,15000,160000,Van_cua_phun_PPR_DN_25
39,RVC3VC32,30,50,5000,15000,500000,Van_cua_phun_PPR_DN_32
40,RVC4VC40,12,160,26000,35000,1440000,Van_cua_phun_PPR_DN_40
41,RVC5VC50,12,120,15000,25000,1200000,Van_cua_phun_PPR_DN_50
42,RVC6VC63,8,160,50000,55000,800000,Van_cua_phun_PPR_DN_63
43,RZC22010,100,150,48000,55000,1050000,Zac_co_phun_PPR_DN_20_PN10
44,RZC22510,150,50,42000,45000,150000,Zac_co_phun_PPR_DN_25_PN10
45,RZC33210,60,140,17000,25000,1120000,Zac_co_phun_PPR_DN_32_PN10
46,RZC4C408,40,140,40000,45000,700000,Zac_co_phun_PPR_DN_40_PN8
47,RZC5C506,30,50,4000,5000,50000,Zac_co_phun_PPR_DN_50_PN6
48,RZC6C636,18,110,5000,15000,1100000,Zac_co_phun_PPR_DN_63_PN6
49,RZRNRN20,90,40,10000,15000,200000,-1/2_Zacco_ren_ngoai_phun_PPR_DN_20PN20
50,RZRNRN25,30,10,13000,15000,20000,-3/4_Zacco_ren_ngoai_phun_PPR_DN_25PN20
51,RZRNRN32,30,80,48000,55000,560000,Zacco_ren_ngoai_phun_PPR_DN_32-1PN20
52,RZRNRN40,24,150,2000,5000,450000,Zacco_ren_ngoai_phun_PPR_DN_40-1.1/4PN20
53,RZRNRN50,12,160,9000,15000,960000,-1.1/2_Zacco_ren_ngoai_phun_PPR_DN_50PN20
54,RZRNRN63,12,10,43000,55000,120000,Zacco_ren_ngoai_phun_PPR_DN_63-2PN20
55,RZRTRT20,90,80,11000,15000,320000,Zacco_ren_trong_phun_PPR_DN_20-1/2PN20
56,RZRTRT25,30,160,10000,15000,800000,Zacco_ren_trong_phun_PPR_DN_25-3/4PN20
57,RZRTRT32,30,40,27000,35000,320000,-1_Zacco_ren_trong_phun_PPR_DN_32PN20
58,RZRTRT40,24,130,21000,25000,520000,-1.1/4_Zacco_ren_trong_phun_PPR_DN_40PN20
59,RZRTRT50,12,50,29000,35000,300000,Zacco_ren_trong_phun_PPR_DN_50-1.1/2PN20
60,RZRTRT63,12,170,35000,45000,1700000,Z_acco_ren_trong_phun_PPR_DN_63_-2PN20
61,RL11L110,7,140,1000,5000,560000,Noi_goc_90do_phun_PPR_DN_110_PN20
62,RL20RL20,280,130,46000,55000,1170000,Noi_goc_90do_phun_PPR_DN_20_PN20
63,RL25RL25,320,200,47000,55000,1600000,Noi_goc_90do_phun_PPR_DN_25_PN20
64,RL32RL32,160,80,12000,15000,240000,Noi_goc_90do_phun_PPR_DN_32_PN20
65,RL40RL40,80,80,41000,45000,320000,Noi_goc_90do_phun_PPR_DN_40_PN20
66,RL50RL50,48,70,13000,15000,140000,Noi_goc_90do_phun_PPR_DN_50_PN20
67,RL63RL63,35,50,49000,55000,300000,Noi_goc_90do_phun_PPR_DN_63_PN20
68,RL75RL75,25,40,23000,25000,80000,Noi_goc_90do_phun_PPR_DN_75_PN20
69,RL90RL90,15,170,10000,15000,850000,Noi_goc_90do_phun_PPR_DN_90_PN20
70,RLKR51/2,25,170,8000,15000,1190000,"Noi_goc_90do_kep_ren_trong_PPR_DN_25_-1/2""_PN20"
71,RLRNRN20,120,160,49000,55000,960000,"Noi_goc_ren_ngoai_phun_PPR_DN_20-1/2""PN20"
72,RLRNRN25,80,40,29000,35000,240000,"Noi_goc_ren_ngoai_phun_PPR_DN_25-3/4""PN20"
73,RLRN51/2,80,40,27000,35000,320000,"-1/2""_Noi_goc_ren_ngoai_phun_PPR_DN_25PN20"
74,RLRNRN32,40,140,35000,45000,1400000,"Noi_goc_ren_ngoai_phun_PPR_DN_32-1""PN20"
75,RLRTRT20,150,180,47000,55000,1440000,"-1/2""_Noi_goc_ren_trong_phun_PPR_DN_20PN20"
76,RLRTRT25,100,30,29000,35000,180000,"Noi_goc_ren_trong_phun_PPR_DN_25-3/4""PN20"
77,RLRT51/2,100,150,3000,5000,300000,"-1/2""_Noi_goc_ren_trong_phun_PPR_DN_25PN20"
78,RLRTRT32,40,10,33000,35000,20000,-1''_Noi_goc_ren_trong_phun_PPR_DN_32PN20
79,RLL1L110,10,200,41000,45000,800000,Noi_goc_45do_phun_PPR_DN_110_PN20
80,RLL2LL20,300,170,27000,35000,1360000,Noi_goc_45do_phun_PPR_DN_20_PN20
81,RLL2LL25,400,70,9000,15000,420000,Noi_goc_45do_phun_PPR_DN_25_PN20
82,RLL3LL32,240,160,33000,35000,320000,Noi_goc_45do_phun_PPR_DN_32_PN20
83,RLL4LL40,90,100,43000,55000,1200000,Noi_goc_45do_phun_PPR_DN_40_PN20
84,RLL5LL50,60,120,20000,25000,600000,Noi_goc_45do_phun_PPR_DN_50_PN20
85,RLL6LL63,50,120,6000,15000,1080000,Noi_goc_45do_phun_PPR_DN_63_PN20
86,RLL7LL75,30,20,7000,15000,160000,Noi_goc_45do_phun_PPR_DN_75_PN20
87,RLL9LL90,20,110,50000,55000,550000,Noi_goc_45do_phun_PPR_DN_90_PN20
88,RN11N110,18,90,30000,35000,450000,Noi_thang_phun_PPR_DN_110_PN20
89,RN20RN20,400,10,29000,35000,60000,Noi_thang_phun_PPR_DN_20_PN20
90,RN25RN25,480,130,25000,35000,1300000,Noi_thang_phun_PPR_DN_25_PN20
91,RN32RN32,280,90,19000,25000,540000,Noi_thang_phun_PPR_DN_32_PN20
92,RN40RN40,160,200,46000,55000,1800000,Noi_thang_phun_PPR_DN_40_PN20
93,RN50RN50,90,130,4000,5000,130000,Noi_thang_phun_PPR_DN_50_PN20
94,RN63RN63,70,130,42000,45000,390000,Noi_thang_phun_PPR_DN_63_PN20
95,RN75RN75,40,90,7000,15000,720000,Noi_thang_phun_PPR_DN_75_PN20
96,RN90RN90,28,190,13000,15000,380000,Noi_thang_phun_PPR_DN_90_PN20
97,RNC11050,16,180,27000,35000,1440000,Noi_thang_CB_phun_PPR_DN_110-50PN20
98,RNC11063,20,190,43000,45000,380000,Noi_thang_CB_phun_PPR_DN_110-63PN20
99,RNC11075,20,50,30000,35000,250000,Noi_thang_CB_phun_PPR_DN_110-75PN20
100,RNC11090,20,160,27000,35000,1280000,Noi_thang_CB_phun_PPR_DN_110-90PN20
101,RNC22520,280,90,2000,5000,270000,Noi_thang_CB_phun_PPR_DN_25-20_PN20
102,RNC33220,360,40,15000,25000,400000,Noi_thang_CB_phun_PPR_DN_32-20_PN20
103,RNC33225,300,100,36000,45000,900000,Noi_thang_CB_phun_PPR_DN_32_-25_PN20
104,RNC44020,200,60,41000,45000,240000,Noi_thang_CB_phun_PPR_DN_40_-20_PN20
105,RNC44025,200,190,39000,45000,1140000,Noi_thang_CB_phun_PPR_DN_40-25_PN20
106,RNC44032,180,180,15000,25000,1800000,Noi_thang_CB_phun_PPR_DN_40_-32_PN20
107,RNC55020,120,140,23000,25000,280000,Noi_thang_CB_phun_PPR_DN_50_-20_PN20
108,RNC55025,120,60,42000,45000,180000,Noi_thang_CB_phun_PPR_DN_50-25_PN20
109,RNC55032,120,150,19000,25000,900000,Noi_thang_CB_phun_PPR_DN_50_-32_PN20
110,RNC55040,100,50,20000,25000,250000,Noi_thang_CB_phun_PPR_DN_50_-40_PN20
111,RNC66325,100,20,34000,45000,220000,Noi_thang_CB_phun_PPR_DN_63-25_PN20
112,RNC66332,100,30,30000,35000,150000,Noi_thang_CB_phun_PPR_DN_63-32_PN20
113,RNC66340,80,40,8000,15000,280000,Noi_thang_CB_phun_PPR_DN_63_-40_PN20
114,RNC66350,70,30,30000,35000,150000,Noi_thang_CB_phun_PPR_DN_63_-50_PN20
115,RNC77532,60,40,11000,15000,160000,Noi_thang_CB_phun_PPR_DK_75-32_PN20
116,RNC77540,60,180,6000,15000,1620000,Noi_thang_CB_phun_PPR_DN_75-40_PN20
117,RNC77550,60,60,29000,35000,360000,Noi_thang_CB_phun_PPR_DN_75-50_PN20
118,RNC77563,60,60,29000,35000,360000,Noi_thang_CB_phun_PPR_DN_75_-63_PN20
119,RNC99050,40,170,45000,55000,1700000,Noi_thang_CB_phun_PPR_DK_90-50_PN20
120,RNC99063,30,30,22000,25000,90000,Noi_thang_CB_phun_PPR_DN_90-63_PN20
121,RNC99075,30,180,2000,5000,540000,Noi_thang_CB_phun_PPR_DN_90_-75_PN20
122,RNRNN110,4,70,40000,45000,350000,"-4""_Noi_ren_ngoai_phun_PPR_DK_110PN20"
123,RNRNRN20,150,80,39000,45000,480000,"Noi_thang_ren_ngoai_phun_PPR_DN_20_-1/2""PN20"
124,RNRNRN25,90,60,16000,25000,540000,"Noi_thang_ren_ngoai_phun_PPR_DN_25-3/4""PN20"
125,RNRN51/2,120,40,1000,5000,160000,"Noi_thang_ren_ngoai_phun_PPR_DN_25_-1/2""PN20"
126,RNRNRN32,40,110,19000,25000,660000,Noi_thang_ren_ngoai_phun_PPR_DN32x1''PN20
127,RNRNRN40,40,20,35000,45000,200000,Noi_thang_ren_ngoai_phun_PPR_DN_40-1.1/4PN20
128,RNRNRN50,40,100,49000,55000,600000,"Noi_thang_ren_ngoai_phun_PPR_DN_50_-1.1/2""_PN20"
129,RNRNRN63,15,60,34000,45000,660000,Noi_thang_ren_ngoai_phun_PPR_DN_63x2''PN20
130,RNRNRN75,8,90,5000,15000,900000,"Noi_thang_ren_ngoai_phun_PPR_DN_75_-2.1/2""_PN20"
131,RNRNRN90,6,20,29000,35000,120000,"Noi_thang_ren_ngoai_phun_PPR_DN_90x3""PN20"
132,RNRT1010,5,50,4000,5000,50000,"Noi_thang_ren_trong_phun_PPR_DN_110_-4""_PN10"
133,RNRTRT20,200,20,15000,25000,200000,"Noi_thang_ren_trong_phun_PPR_DN_20_-1/2""_PN20"
134,RNRTRT25,120,170,1000,5000,680000,"Noi_thang_ren_trong_phun_PPR_DN_25-3/4""_PN20"
135,RNRT51/2,150,170,16000,25000,1530000,"Noi_thang_ren_trong_phun_PPR_DN_25_-1/2""_PN20"
136,RNRTRT32,40,190,48000,55000,1330000,"Noi_thang_ren_trong_phun_PPR_DN_32-1""PN20"
137,RNRTRT40,40,180,38000,45000,1260000,"Noi_thang_ren_trong_phun_PPR_DN_40_-1.1/4""_PN20"
138,RNRTRT50,40,110,28000,35000,770000,"Noi_thang_ren_trong_phun_PPR_DN_50-1.1/2""_PN20"
139,RNRTRT63,15,200,46000,55000,1800000,"Noi_thang_ren_trong_phun_PPR_DN_63-2""PN20"
140,RNRTRT75,10,30,38000,45000,210000,"75-_Noi_thang_ren_trong_phun_PPR_DN2.1/2""_PN20"
141,RNRTRT90,6,200,35000,45000,2000000,"Noi_thang_ren_trong_phun_PPR_DN_90-3""PN20"
142,RT11T110,6,300,44000,55000,3300000,Ba_chac_90do_phun_PPR_DN_110_PN20
143,RT20RT20,400,480,41000,45000,1920000,Ba_chac_90do_phun_PPR_DN_20_PN20
144,RT25RT25,240,900,31000,35000,3600000,Ba_chac_90do_phun_PPR_DN_25_PN20
145,RT32RT32,120,580,26000,35000,5220000,Ba_chac_90do_phun_PPR_DN_32_PN20
146,RT40RT40,60,830,21000,25000,3320000,Ba_chac_90do_phun_PPR_DN_40_PN20
147,RT50RT50,30,360,7000,15000,2880000,Ba_chac_90do_phun_PPR_DN_50_PN20
148,RT63RT63,25,460,31000,35000,1840000,Ba_chac_90do_phun_PPR_DN_63_PN20
149,RT75RT75,15,330,36000,45000,2970000,Ba_chac_90do_phun_PPR_DN_75_PN20
150,RT90RT90,10,70,46000,55000,630000,Ba_chac_90do_phun_PPR_DN_90_PN20
151,RTC11063,9,470,13000,15000,940000,Ba_chac_90do_CB_phun_PPR_DN_110_-63PN20
152,RTC11075,9,190,50000,55000,950000,Ba_chac_90do_CB_phun_PPR_N_110-75PN2
153,RTC11090,8,770,20000,25000,3850000,-90_Ba_chac_90do_CB_phun_PPR_DN_110PN20
154,RTC22520,300,220,20000,25000,1100000,Ba_chac_90do_CB_phun_PPR_DN_25-20PN20
155,RTC33220,180,150,3000,5000,300000,-20_Ba_chac_90do_CB_phun_PPR_DN_32PN20
156,RTC33225,150,460,15000,25000,4600000,-25_Ba_chac_90do_CB_phun_PPR_DN_32PN20
157,RTC44020,100,970,20000,25000,4850000,Ba_chac_90do_CB_phun_PPR_DN_40-20PN20
158,RTC44025,80,470,12000,15000,1410000,-25_Ba_chac_90do_CB_phun_PPR_DN_40PN20
159,RTC44032,80,420,49000,55000,2520000,Ba_chac_90do_CB_phun_PPR_DN_40-32PN20
160,RTC55020,64,290,13000,15000,580000,-20_Ba_chac_90do_CB_phun_PPR_DN_50PN20
161,RTC55025,60,890,24000,35000,9790000,Ba_chac_90do_CB_phun_PPR_DN_50-25PN20
162,RTC55032,55,480,19000,25000,2880000,Ba_chac_90do_CB_phun_PPR_DN_50-32PN20
163,RTC55040,50,610,9000,15000,3660000,-40_Ba_chac_90do_CB_phun_PPR_DN_50PN20
164,RTC66325,50,330,24000,25000,330000,Ba_chac_90do_CB_phun_PPR_DN_63-25PN20
165,RTC66332,50,450,5000,15000,4500000,-32_Ba_chac_90do_CB_phun_PPR_DN_63PN20
166,RTC66340,40,450,22000,25000,1350000,Ba_chac_90do_CB_phun_PPR_DN_63-40PN20
167,RTC66350,30,280,19000,25000,1680000,-50_Ba_chac_90do_CB_phun_PPR_DN_63PN20
168,RTC77532,35,1000,38000,45000,7000000,-32_Ba_chac_90do_CB_phun_PPR_DN_75PN20
169,RTC77540,25,660,32000,35000,1980000,Ba_chac_90do_CB_phun_PPR_DN_75-40PN20
170,RTC77550,20,700,48000,55000,4900000,-50_Ba_chac_90do_CB_phun_PPR_DN_75PN20
171,RTC77563,20,320,22000,25000,960000,Ba_chac_90do_CB_phun_PPR_DN_75-63PN20
172,RTC99050,15,70,47000,55000,560000,-50_Ba_chac_90do_CB_phun_PPR_DN_90PN20
173,RTC99063,15,170,30000,35000,850000,-63_Ba_chac_90do_CB_phun_PPR_DN_90PN20
174,RTC99075,12,340,24000,35000,3740000,-75_Ba_chac_90do_CB_phun_PPR_DN_90PN20
175,RTRNRN20,100,630,44000,55000,6930000,Ba_chac_90do_ren_ngoai_phun_PPR_DN20-1/2PN20
176,RTRNRN25,60,700,27000,35000,5600000,Ba_chac_90do_ren_ngoai_phun_PPR_DN25-3/4_PN20
177,RTRN51/2,60,80,35000,45000,800000,Ba_chac_90do_ren_ngoai_phun_PPR_DN25-1/2_PN20
178,RTRNRN32,40,190,32000,35000,570000,Ba_chac_90do_ren_ngoai_phun_PPR_DN32-1PN20
179,RTRTRT20,120,410,38000,45000,2870000,Ba_chac_90do_ren_trong_phun_PPR_DN20-1/2PN20
180,RTRTRT25,60,390,18000,25000,2730000,Ba_chac_90do_ren_trong_phun_PPR_D_25-3/4_PN20
181,RTRT51/2,80,410,49000,55000,2460000,Ba_chac_90do_ren_trong_phun_PPR_DN25-1/2_PN20
182,RTRTRT32,40,990,12000,15000,2970000,Ba_chac_90do_ren_trong_phun_PPR_DN32-1_PN20
183,RB50B50X,10,820,14000,15000,820000,Bich_noi_ong_phun_PPR_DN_50_PN20mau_xanh
184,RB90B90X,10,610,31000,35000,2440000,Bich_noi_ong_phun_PPR_DN_90_PN20xanh
185,RDB2B20X,600,110,21000,25000,440000,Dau_bit_phun_PPR_DN_20_PN20_xanh
186,RDB2B25X,360,790,33000,35000,1580000,Dau_bit_phun_PPR_DN_25_PN20_xanh
187,RDB3B32X,400,410,34000,45000,4510000,Dau_bit_phun_PPR_DN_32_PN20_xanh
188,RDB4B40X,300,880,19000,25000,5280000,Dau_bit_phun_PPR_DN_40_PN20_xanh
189,RDB5B50X,120,610,7000,15000,4880000,Dau_bit_phun_PPR_DN_50_PN20_xanh
190,ROT2T20X,210,320,27000,35000,2560000,Ong_tranh_phun_PPR_DN_20_PN20_xanh
191,ROT2T25X,120,60,28000,35000,420000,Ong_tranh_phun_PPR_DN_25_PN20_xanh
192,RV20V20X,60,100,17000,25000,800000,Van_chan_phun_PPR_DN_20_xanh
193,RV25V25X,60,70,19000,25000,420000,Van_chan_phun_PPR_DN_25_xanh
194,RV32V32X,36,260,17000,25000,2080000,Van_chan_phun_PPR_DN_32_xanh
195,RV40V40X,20,810,21000,25000,3240000,Van_chan_phun_PPR_DN_40_xanh
196,RV50V50X,20,830,7000,15000,6640000,Van_chan_phun_PPR_DN_50_xanh
197,RVC2C20X,60,220,6000,15000,1980000,Van_cua_phun_PPR_DN_20_xanh
198,RVC2C25X,40,280,37000,45000,2240000,Van_cua_phun_PPR_DN_25_xanh
199,RVC3C32X,30,950,17000,25000,7600000,Van_cua_phun_PPR_DN_32_xanh
200,RVC4C40X,12,520,8000,15000,3640000,Van_cua_phun_PPR_DN_40_xanh
201,RVC5C50X,12,70,23000,25000,140000,Van_cua_phun_PPR_DN_50_xanh
202,RVC6C63X,8,80,14000,15000,80000,Van_cua_phun_PPR_DN_63_mau_xanh
203,RZC2C20X,50,960,11000,15000,3840000,Zac_co_phun_PPR_DN_20_PN10_xanh
204,RZC2C25X,40,590,24000,35000,6490000,Zac_co_phun_PPR_DN_25_PN10_xanh
205,RZC3C32X,30,750,13000,15000,1500000,Zac_co_phun_PPR_DN_32_PN10_xanh
206,RZC4C40X,20,660,14000,15000,660000,Zac_co_phun_PPR_DN_40_PN8_xanh
207,RZC5C50X,10,250,10000,15000,1250000,Zac_co_phun_PPR_DN_50_PN6_xanh
208,RZRNN20X,90,330,17000,25000,2640000,-1/2_Zac_co_ren_ngoai_phun_PPR_DN_20PN20_xanh
209,RZRNN25X,30,410,38000,45000,2870000,Zac_co_ren_PN20_xanh__ngoai_phun_PPR_DN_25-3/4
210,RZRNN32X,30,750,35000,45000,7500000,Zac_co_ren_ngoai_phun_PPR_DN_32-1_PN20_xanh__-1
211,RZRNN50X,24,260,40000,45000,1300000,"Zac_co_ren_ngoai_phun_PPR_DN_50_-1.1/2""_PN20_xanh__"
212,RZRTT20X,90,520,2000,5000,1560000,Zac_co_ren_trong_phun_PPR_DN_20_PN20_xanh__-1/2
213,RZRTT25X,30,530,25000,35000,5300000,Zac_co_ren_trong_phun_PPR_DN_25-3/4PN20_xanh__
214,RLL2L20X,300,630,35000,45000,6300000,Noi_goc_45do_phun_PPR_DN_20__PN20
215,RLL2L25X,400,360,28000,35000,2520000,Noi_goc_45do_phun_PPR_DN_25__PN20
216,RLL3L32X,240,990,23000,25000,1980000,Noi_goc_45do_phun_PPR_xanh_DN_32_PN20
217,RLL4L40X,90,960,39000,45000,5760000,Noi_goc_45do_phun_PPR_DN_40_PN20xanh__
218,RLL5L50X,60,560,37000,45000,4480000,Noi_goc_45do_phun_PPR_DN_50_PN20xanh__
219,RLL6L63X,50,370,19000,25000,2220000,Noi_goc_45do_phun_PPR_DN_63_PN20xanh__
220,RLL7L75X,30,240,40000,45000,1200000,Noi_goc_45do_phun_PPR_DN_75_PN20xanh__
221,RL20L20X,280,230,21000,25000,920000,Noi_goc_90do_phun_PPR_DN_20__PN20
222,RL25L25X,320,870,41000,45000,3480000,Noi_goc_90do_phun_PPR_DN_25__PN20
223,RL32L32X,160,850,24000,25000,850000,Noi_goc_90do_phun_PPR_DN_32__PN20
224,RL40L40X,80,840,35000,45000,8400000,Noi_goc_90do_phun_PPR_DN_40xanh__PN20
225,RL50L50X,48,610,47000,55000,4880000,Noi_goc_90do_phun_PPR_DN_50_PN20xanh__
226,RL63L63X,35,180,19000,25000,1080000,Noi_goc_90do_phun_PPR_DN_63_PN20xanh__
227,RL75L75X,25,330,23000,25000,660000,Noi_goc_90do_phun_PPR_DN_75_PN20xanh__
228,RL90L90X,15,900,38000,45000,6300000,Noi_goc_90do_phun_PPR_DN_90_PN20xanh__
229,RLRNN20X,120,240,39000,45000,1440000,"Noi_goc_ren_ngoai_phun_PPR_DN_201/2""PN20_xanh__-"
230,RLRN1/2X,80,550,6000,15000,4950000,"Noi_goc_ren_ngoai_phun_PPR_DN_25-1/2""PN20_xanh__"
231,RLRNN25X,80,320,1000,5000,1280000,"Noi_goc_ren_ngoai_phun_PPR_DN_25PN20_xanh__-3/4"""
232,RLRTT20X,40,850,7000,15000,6800000,"Noi_goc_ren_trong_phun_PPR_DN_20-1/2""PN20_xanh__"
233,RLRT1/2X,100,920,44000,55000,10120000,"Noi_goc_ren_trong_phun_PPR_DN_25PN20_xanh__-1/2"""
234,RLRTT25X,120,790,28000,35000,5530000,Noi_goc_ren_trong_phun_PPR_DN_25PN20_xanh
235,RLRTT32X,40,70,42000,45000,210000,Noi_goc_ren_trong_phun_PPR_DN_32PN20_xanh
236,RN20N20X,400,400,13000,15000,800000,Noi_thang_phun_PPR_DN_20_PN20_xanh
237,RN25N25X,480,730,50000,55000,3650000,Noi_thang_phun_PPR_DN_25_PN20_xanh
238,RN32N32X,280,860,49000,55000,5160000,Noi_thang_phun_PPR_DN_32_PN20_xanh
239,RN40N40X,160,900,35000,45000,9000000,Noi_thang_phun_PPR_DN_40_PN20_xanh
240,RN50N50X,90,590,10000,15000,2950000,Noi_thang_phun_PPR_DN_50_PN20_xanh
241,RN63N63X,70,880,32000,35000,2640000,Noi_thang_phun_PPR_DN_63_PN20_xanh
242,RN75N75X,40,340,3000,5000,680000,Noi_thang_phun_PPR_DN_75_PN20_xanh
243,RNC2520X,280,590,42000,45000,1770000,Noi_thang_CB_phun_PPR_DN_25-20PN20xanh
244,RNC3220X,360,830,25000,35000,8300000,Noi_thang_CB_phun_PPR_DNxanh
245,RNC3225X,300,210,32000,35000,630000,Noi_thang_CB_phun_PPR_DN_32-25PN20_xanh
246,RNC4020X,200,380,13000,15000,760000,Noi_thang_CB_phun_PPR_DN_40-20PN20_xanh
247,RNC4025X,200,630,32000,35000,1890000,Noi_thang_CB_phun_PPR_DN_40PN20_xanh
248,RNC4032X,180,970,21000,25000,3880000,Noi_thang_CB_phun_PPR_DN_40-32_PN20xanh
249,RNC5020X,120,450,14000,15000,450000,Noi_thang_CB_phun_PPR_DN_50xanh
250,RNC5025X,120,240,11000,15000,960000,Noi_thang_CB_phun_PPR_DN_50-25_PN20xanh
251,RNC5032X,120,460,40000,45000,2300000,Noi_thang_CB_phun_PPR_DN_50xanh
252,RNC5040X,100,600,40000,45000,3000000,Noi_thang_CBxanh
253,RNC6340X,80,160,6000,15000,1440000,Noi_thang_CB_phun_PPR_DN_63-40_PN20xanh
254,RNC6350X,70,990,36000,45000,8910000,Noi_thang_CB_phun_PPR_DN_63xanh
255,RNC7540X,60,550,42000,45000,1650000,Noi_thang_CB_phun_PPR_DN_75-40_PN20xanh
256,RNC7563X,60,600,40000,45000,3000000,Noi_thang_CBxanh
257,RNC9075X,50,450,29000,35000,2700000,Noi_thang_CB_phun_PPR_DN_90-75_PN20xanh
258,RNRNN20X,150,860,28000,35000,6020000,"Noi_thang_ren_ngoai1/2""_PN20_xanh"
259,RNRN1/2X,120,150,3000,5000,300000,Noi_thang_ren_ngoai
260,RNRNN25X,90,500,20000,25000,2500000,"Noi_thang_ren_ngoai3/4""_PN20_xanh"
261,RNRNN32X,40,620,39000,45000,3720000,Noi_thang_ren_ngoai
262,RNRNN40X,40,280,30000,35000,1400000,"Noi_thang_ren_ngoai1.1/4""_PN20_xanh"
263,RNRNN50X,40,210,34000,45000,2310000,Noi_thang_ren_ngoai
264,RNRNN63X,15,180,4000,5000,180000,"Noi_thang_ren_ngoai_phun_PPR_DN_63_x2""_PN20_xanh"
265,RNRTT20X,200,390,4000,5000,390000,"-_Noi_thang_ren_trong_phun_PPR_DN_201/2""_PN20_xanh"
266,RNRT1/2X,150,130,3000,5000,260000,"Noi_thang_ren_trong_phun_PPR_DN_25-1/2""_PN20_xanh"
267,RNRTT25X,120,470,26000,35000,4230000,"-_Noi_thang_ren_trong_phun_PPR_DN_253/4""_PN20_xanh"
268,RNRTT32X,40,780,2000,5000,2340000,"Noi_thang_ren_trong_phun_PPR_DN_32-1""PN20_xanh"
269,RNRTT40X,40,170,20000,25000,850000,"Noi_thang_ren_trong_phun_PPR_DN_40-1.1/4""_PN20_xanh"
270,RNRTT50X,40,250,13000,15000,500000,"50-_Noi_thang_ren_trong_phun_PPR_DN1.1/2""_PN20_xanh"
271,RT20T20X,400,90,5000,15000,900000,Ba_chac_90do_phun_PPR_DN_20_PN20xanh
272,RT25T25X,240,260,8000,15000,1820000,Ba_chac_90do_phun_PPR_DN_25_PN20xanh
273,RT32T32X,120,810,20000,25000,4050000,Ba_chac_90do_phun_PPR_DN_32_PN20xanh
274,RT40T40X,60,870,37000,45000,6960000,Ba_chac_90do_phun_PPR_DN_40_PN20xanh
275,RT50T50X,30,240,2000,5000,720000,Ba_chac_90do_phun_PPR_DN_50_PN20xanh
276,RT63T63X,25,310,9000,15000,1860000,Ba_chac_90do_phun_PPR_DN_63_PN20xanh
277,RT75T75X,15,880,16000,25000,7920000,Ba_chac_90do_phun_PPR_DN_75_PN20xanh
278,RTC2520X,300,400,35000,45000,4000000,Ba_chac_90do_CB_phun_PPR_DN_25-20PN20xanh
279,RTC3220X,180,260,27000,35000,2080000,-20_Ba_chac_90do_CB_phun_PPR_DN_32P20_xanh
280,RTC3225X,150,500,22000,25000,1500000,-25_Ba_chac_90do_CB_phun_PPR_DN_32PN20xanh
281,RTC4025X,80,430,38000,45000,3010000,Ba_chac_90do_CB_phun_PPR_DN_40-25PN20_xanh
282,RTC4032X,80,60,12000,15000,180000,phun_PPR_DN_40-32_Ba_chac_90do_CBPN20_xanh
283,RTC5025X,60,140,20000,25000,700000,Ba_chac_90do_CB_phun_PPR_DN_50-25PN20_xanh
284,RTC5032X,55,620,17000,25000,4960000,-32_Ba_chac_90do_CB_phun_PPR_DN_50PN20_xanh
285,RTC5040X,50,70,16000,25000,630000,Ba_chac_90do_CB_phun_PPR_DN_50-40PN20_xanh
286,RTC6516X,50,120,32000,35000,360000,Ba_chac_90do_CB_phun_PPR_DN_63-25PN16_xanh
287,RTC6216X,50,320,25000,35000,3200000,-32_Ba_chac_90do_CB_phun_PPR_DN_63PN16_xanh
288,RTC6016X,40,660,28000,35000,4620000,-40_Ba_chac_90do_CB_phun_PPR_DN_63PN16_xanh
289,RTC6350X,30,600,50000,55000,3000000,-50_Ba_chac_90do_CB_phun_PPR_DN_63PN20_mau_xanh
290,RTC7550X,20,250,18000,25000,1750000,-50_Ba_chac_90do_CB_phun_PPR_DN_75PN20_mau_xanh
291,RTC7563X,20,140,48000,55000,980000,-63_Ba_chac_90do_CB_phun_PPR_DN_75PN20_mau_xanh
292,RTC9050X,15,670,40000,45000,3350000,Ba_chac_90do_CB_phun_PPR_DN_90-50PN20_xanh
293,RTRNN20X,10,710,48000,55000,4970000,Ba_chac_90do_ren_ngoai_phun_PPR_DN20-1/2_PN20_xanh
294,RTRN1/2X,10,390,27000,35000,3120000,Ba_chac_90do_ren_ngoai_phun_PPR_DN25-1/2_PN20_xanh
295,RTRNN25X,10,910,23000,25000,1820000,Ba_chac_90do_ren_ngoai_phun_PPR_DN25-3/4PN20_xanh
296,RTRTT20X,120,790,48000,55000,5530000,Ba_chac_90do_ren_trong_phun_PPR_DN20-1/2_PN20_xanh
297,RTRT1/2X,80,650,9000,15000,3900000,Ba_chac_90do_ren_trong_phun_PPR_DN25-1/2_PN20_xanh
298,RTRTT25X,60,550,38000,45000,3850000,Ba_chac_90do_ren_trong_phun_PPR_DN25-3/4_PN20_xanh
299,RTRTT32X,40,980,10000,15000,4900000,"Ba_chac_90do_ren_trong_phun_PPR_DN_32-1""_PN20_mau_xanh"
300,RL12L125,30,680,14000,15000,680000,Noi_goc_90do_phun_PPR_DN_125_PN20
301,RL14L140,30,660,21000,25000,2640000,Noi_goc_90do_phun_PPR_DN_140_PN20
302,RL166016,20,60,47000,55000,480000,Noi_goc_90do_phun_PPR_DN_160_PN16
303,RL200016,300,770,17000,25000,6160000,Noi_goc_90do_phun_PPR_DN_200_PN16
304,RN12N125,300,900,24000,35000,9900000,Noi_thang_phun_PPR_DN_125_PN20
305,RN14N140,300,570,46000,55000,5130000,Noi_thang_phun_PPR_DN_140_PN20
306,RN16N160,300,840,44000,45000,840000,Noi_thang_phun_PPR_DN_160_PN20
307,RN20N200,300,830,36000,45000,7470000,Noi_thang_phun_PPR_DN_200_PN20
308,RNB1B125,300,150,7000,15000,1200000,Dau_noi_bang_bich_phun_PPR_DN_125PN20
309,RNB1B140,300,610,4000,5000,610000,Dau_noi_bang_bich_phun_PPR_DN_140PN20
310,RNB14010,300,730,42000,45000,2190000,Dau_noi_bang_bich_phun_PPR_DN_140PN10
311,RNB1B160,300,520,29000,35000,3120000,Dau_noi_bang_bich_phun_PPR_DN_160PN20
312,RNB1B180,300,50,48000,55000,350000,Dau_noi_bang_bich_phun_PPR_DN_180PN20
313,RNB2B200,300,320,45000,55000,3200000,Dau_noi_bang_bich_phun_PPR_DN_200PN20
314,RNB20010,300,230,13000,15000,460000,Dau_noi_bang_bich_phun_PPR_DN_200PN10
315,RNC15110,300,280,37000,45000,2240000,Noi_thang_CB_phun_PPR_DN_125-110PN20
316,RNC1110D,300,730,16000,25000,6570000,Noi_thang_CB_phun_PPR_DN_140-110PN20
317,RNC14090,300,360,7000,15000,2880000,Noi_thang_CB_phun_PPR_DN_140-90PN20
318,RNC10110,300,580,9000,15000,3480000,-110_Noi_thang_CB_phun_PPR_DN_160PN20
319,RNC10140,300,110,44000,55000,1210000,-140_Noi_thang_CB_phun_PPR_DN_160PN20
320,RNC20125,300,940,21000,25000,3760000,-125_Noi_thang_CB_phun_PPR_DN_200PN20
321,RT12T125,300,240,19000,25000,1440000,Ba_chac_90do_phun_PPR_DN_125_PN20
322,RT14T140,300,880,9000,15000,5280000,Ba_chac_90do_phun_PPR_DN_140_PN20
323,RT166016,300,800,37000,45000,6400000,Ba_chac_90do_phun_PPR_DN_160_PN16
324,RTC14075,300,500,45000,55000,5000000,Ba_chac_90do_CB_phun_PPR_DN_140_-75PN20
325,RTC24016,300,570,42000,45000,1710000,Ba_chac_90do_CB_phun_PPR_D_200-140PN16
326,RUB5UB50,300,650,12000,15000,1950000,Bich_noi_ong_phun_PPR_-UV_DN_50_PN20
327,RUDBDB20,600,440,30000,35000,2200000,Dau_bit_phun_PPR-UV_DN_20_PN20
328,RUDBDB25,360,470,15000,25000,4700000,Dau_bit_phun_PPR-UV_DN_25_PN20
329,RUDBDB32,400,730,4000,5000,730000,Dau_bit_phun_PPR_-UV_DN_32_PN20
330,RUDBDB40,300,460,44000,45000,460000,Dau_bit_phun_PPR_-UV_DN_40_PN20
331,RUDBDB50,120,860,7000,15000,6880000,Dau_bit_phun_PPR-UV_DN_50_PN20
332,RUL2UL20,280,740,37000,45000,5920000,Noi_goc_90do_phun_PPR-UV_DN_20PN20
333,RUL2UL25,320,690,42000,45000,2070000,Noi_goc_90do_phun_PPR-UV_DN_25PN20
334,RUL3UL32,160,280,12000,15000,840000,Noi_goc_90do_phun_PPR-UV_DN_32PN20
335,RUL4UL40,80,680,47000,55000,5440000,Noi_goc_90do_phun_PPR-UV_DN_40PN20
336,RUL5UL50,48,670,24000,25000,670000,Noi_goc_90do_phun_PPR-UV_DN_50PN20
337,RUL6UL63,35,470,49000,55000,2820000,Noi_goc_90do_phun_PPR-UV_DN_63PN20
338,RULK51/2,25,620,17000,25000,4960000,"Noi_goc_90do_kep_ren_trong_PPR_-UV_DN25-1/2""_PN20"
339,RULLLL20,300,1000,30000,35000,5000000,Noi_goc_45do_phun_PPR-UV_DN_20PN20
340,RULLLL25,400,850,42000,45000,2550000,Noi_goc_45do_phun_PPR-UV_DN_25PN20
341,RULLLL32,240,360,2000,5000,1080000,Noi_goc_45do_phun_PPR-UV_DN_32PN20
342,RULLLL40,90,820,42000,45000,2460000,Noi_goc_45do_phun_PPR-UV_DN_40PN20
343,RULLLL50,60,580,25000,35000,5800000,#NAME?
344,RULLLL63,50,560,14000,15000,560000,#NAME?
345,RULRRN20,50,310,30000,35000,1550000,"-UV_Noi_goc_90do_ren_ngoai_phun_PPRDN20-1/2""_PN2"
346,RULRRN25,50,50,42000,45000,150000,"Noi_goc_90do_ren_ngoai_phun_PPR-UVDN_25-3/4""_PN20"
347,RULR1/2D,50,950,2000,5000,2850000,"UV_Noi_goc_90do_ren_ngoai_phun_PPRDN_25-1/2""_PN20"
348,RULRRT20,150,860,16000,25000,7740000,"Noi_goc_90do_ren_trong_phun_PPR-UVDN_20-1/2""_PN20"
349,RULRRT25,120,520,33000,35000,1040000,"Noi_goc_90do_ren_trong_phun_PPR-UVDN_25-3/4""_PN20"
350,RULR51/2,100,200,6000,15000,1800000,"UV_Noi_goc_90do_ren_trong_phun_PPRDN_25-1/2""_PN20"
351,RUN2UN20,100,260,13000,15000,520000,Noi_thang_phun_PPR-UV_DN_20_PN20
352,RUN2UN25,100,140,14000,15000,140000,Noi_thang_phun_PPR_-UV_DN_25_PN20
353,RUN3UN32,100,560,40000,45000,2800000,Noi_thang_phun_PPR-UV_DN_32_PN20
354,RUN4UN40,100,640,23000,25000,1280000,Noi_thang_phun_PPR_-UV_DN_40_PN20
355,RUN5UN50,100,450,1000,5000,1800000,Noi_thang_phun_PPR_-UV_DN_50_PN20
356,RUN6UN63,100,130,15000,25000,1300000,Noi_thang_phun_PPR_-UV_DN_63_PN20
357,RUNC2520,280,560,47000,55000,4480000,Noi_thang_CB_phun_PPRPN20
358,RUNC3220,360,670,36000,45000,6030000,Noi_thang_CB_phun_PPRPN20
359,RUNC3225,300,940,19000,25000,5640000,Noi_thang_CB_phun_PPR-UV_DN_32-25PN20
360,RUNC4020,200,50,50000,55000,250000,Noi_thang_CB_phun_PPRPN20
361,RUNC4025,200,70,38000,45000,490000,Noi_thang_CB_phun_PPR-UV_DN_40-25PN20
362,RUNC4032,180,60,46000,55000,540000,Noi_thang_CB_phun_PPR-UV_DN_40-32PN20
363,RUNC5020,120,820,25000,35000,8200000,Noi_thang_CB_phun_PPRPN20
364,RUNC5025,120,330,30000,35000,1650000,Noi_thang_CB_phun_PPR-UV_DN_50-25PN20
365,RUNC5032,120,610,44000,55000,6710000,Noi_thang_CB_phun_PPRPN20
366,RUNC5040,100,430,8000,15000,3010000,Noi_thang_CB_phun_PPR-UV_DN_50-40PN20
367,RUNC6332,100,690,39000,45000,4140000,Noi_thang_CB_phun_PPRPN20
368,RUNC6340,80,500,46000,55000,4500000,Noi_thang_CB_phun_PPRPN20
369,RUNC6350,70,340,40000,45000,1700000,Noi_thang_CB_phun_PPR-UV_DN_63-50PN20
370,RUNRRN20,150,600,37000,45000,4800000,"Noi_thang_ren_ngoai_phun_PPR201/2""_PN20"
371,RUNRRN25,90,60,40000,45000,300000,"Noi_thang_ren_ngoai_phun_PPR-UV_DN253/4""_PN20"
372,RUNR1/2D,120,190,9000,15000,1140000,"Noi_thang_ren_ngoai_phun_PPR25-1/2""_PN20"
373,RUNRRN32,40,800,6000,15000,7200000,Noi_thang_ren_ngoai32-1''_PN20
374,RUNRRN40,40,240,50000,55000,1200000,Noi_thang_ren_ngoai40-1.1/4''_PN20
375,RUNRRN50,40,290,35000,45000,2900000,Noi_thang_ren_ngoai50
376,RUNRRN63,15,430,44000,55000,4730000,Noi_thang_ren_ngoai63-2''_PN20
377,RUNRRT20,200,930,49000,55000,5580000,"Noi_thang_ren_trong_phun_PPR20-1/2""_PN20"
378,RUNRRT25,120,310,19000,25000,1860000,"Noi_thang_ren_trong_phun_PPR-UV_DN25-3/4""_PN20"
379,RUNR51/2,150,370,8000,15000,2590000,"Noi_thang_ren_trong_phun_PPR25-1/2""_PN20"
380,RUNRRT32,40,970,22000,25000,2910000,Noi_thang_ren_trong_phun_PPR32-1''_PN20
381,RUNRRT40,40,60,39000,45000,360000,Noi_thang_ren_trong_phun_PPR-UV_DN40-1.1/4''_PN20
382,RUNRRT50,40,880,10000,15000,4400000,Noi_thang_ren_trong_phun_PPR50-1.1/2''_PN20
383,RUNRRT63,15,520,16000,25000,4680000,Noi_thang_ren_trong_phun_PPR-UV_DN63-2''_PN20
384,RUOT2020,210,820,14000,15000,820000,Ong_tranh_phun_PPR_-UV_DN_20_PN20
385,RUOTOT25,120,530,46000,55000,4770000,Ong_tranh_phun_PPR_-UV_DN_25_PN20
386,RUT2UT20,400,500,34000,45000,5500000,#NAME?
387,RUT2UT25,240,600,3000,5000,1200000,#NAME?
388,RUT3UT32,120,510,46000,55000,4590000,#NAME?
389,RUT4UT40,60,900,18000,25000,6300000,#NAME?
390,RUT5UT50,30,870,27000,35000,6960000,#NAME?
391,RUT6UT63,25,810,40000,45000,4050000,Ba_chac_90do_phun_PPR-UV_DN_63PN20
392,RUTC2520,280,180,30000,35000,900000,Ba_chac_90do_CB_phun_PPR-UV_DN_25-20PN20
393,RUTC3220,180,80,27000,35000,640000,Ba_chac_90do_CB_phun_PPR_-UV_DN_32-2PN20
394,RUTC3225,150,830,1000,5000,3320000,Ba_chac_90do_CB_phun_PPR-UV_DN_32-25PN20
395,RUTC4020,100,560,2000,5000,1680000,Ba_chac_90do_CB_phun_PPR_-UV_DN_40-20PN20
396,RUTC4025,80,530,5000,15000,5300000,Ba_chac_90do_CB_phun_PPR-UV_DN_40-25PN20
397,RUTC4032,80,240,43000,55000,2880000,Ba_chac_90do_CB_phun_PPR-UV_DN_40-32_PN20
398,RUTC5020,64,540,43000,45000,1080000,Ba_chac_90do_CB_phun_PPR_-UV_DN_50-20_PN20
399,RUTC5025,60,700,48000,55000,4900000,Ba_chac_90do_CB_phun_PPR-UV_DN_50-25_PN20
400,RUTC5032,55,530,35000,45000,5300000,Ba_chac_90do_CB_phun_PPR_-UV_DN_50-32_PN20
401,RUTC5040,50,380,38000,45000,2660000,Ba_chac_90do_CB_phun_PPR-UV_DN_50-40_PN20
402,RUTC6325,50,110,42000,45000,330000,Ba_chac_90do_CB_phun_PPR_-UV_DN_63-25_PN20
403,RUTC6332,50,370,27000,35000,2960000,Ba_chac_90do_CB_phun_PPR_-UV_DN_63-32_PN20
404,RUTC6350,30,210,42000,45000,630000,Ba_chac_90do_CB_phun_PPR-UV_DN_63-50_PN20
405,RUTRRN20,30,920,7000,15000,7360000,"UV_Ba_chac_90do_ren_ngoai_phun_PPRDN_20-1/2""_PN20"
406,RUTRRN25,30,970,1000,5000,3880000,Ba_chac_90do_ren_ngoai_phun_PPR-UVDN_25-3/4_PN20
407,RUTR1/2D,30,450,41000,45000,1800000,"UV_Ba_chac_90do_ren_ngoai_phun_PPRDN_25-1/2""_PN20"
408,RUTRRN32,40,600,50000,55000,3000000,"Ba_chac_90do_ren_ngoai_phun_PPR-UVDN_32-1""_PN20"
409,RUTRRT20,120,550,14000,15000,550000,"Ba_chac_90do_ren_trong_phun_PPR-UVDN_20-1/2""_PN20"
410,RUTRRT25,60,560,3000,5000,1120000,-UV_Ba_chac_90do_ren_trong_phun_PPRDN_25-3/4_PN20
411,RUTR51/2,80,370,23000,25000,740000,"UV_Ba_chac_90do_ren_trong_phun_PPRDN_25-1/2""_PN20"
412,RUV2UV20,60,810,50000,55000,4050000,Van_chan_phun_PPR_-UV_DN_20
413,RUV2UV25,60,720,39000,45000,4320000,Van_chan_phun_PPR_-UV_DN_25
414,RUV3UV32,36,840,29000,35000,5040000,Van_chan_phun_PPR_-UV_DN_32
415,RUV4UV40,20,580,13000,15000,1160000,Van_chan_phun_PPR_-UV_DN_40
416,RUV5UV50,20,950,37000,45000,7600000,Van_chan_phun_PPR-UV_DN_50
417,RUVCVC20,60,900,25000,35000,9000000,Van_cua_phun_PPR-UV_DN_20
418,RUVCVC25,40,100,46000,55000,900000,Van_cua_phun_PPR_-UV_DN_25
419,RUVCVC32,30,380,48000,55000,2660000,Van_cua_phun_PPR_-UV_DN_32
420,RUVCVC40,12,310,31000,35000,1240000,Van_cua_phun_PPR-UV_DN_40
421,RUVCVC50,12,210,1000,5000,840000,Van_cua_phun_PPR-UV_DN_50
422,RUVCVC63,8,340,6000,15000,3060000,Van_cua_phun_PPR_-UV_DN_63
423,RUZCZC20,8,140,2000,5000,420000,Zac_co_phun_PPR_-UV_DN_20
424,RUZCZC25,8,390,46000,55000,3510000,Zac_co_phun_PPR-UV_DN_25
425,RUZCZC32,8,740,9000,15000,4440000,Zac_co_phun_PPR-UV_DN_32
426,RUZCZC40,8,570,10000,15000,2850000,Zac_co_phun_PPR_-UV_DN_40
427,RUZCZC50,8,670,7000,15000,5360000,Zac_co_phun_PPR_-UV_DN_50
428,RUZCZC63,8,320,38000,45000,2240000,Zac_co_phun_PPR-UV_DN_63
429,RUZRRN20,90,650,20000,25000,3250000,"Zacco_ren_ngoai_phun_PPR-UV_DN_20-1/2""PN20"
430,RUZRRN25,30,550,13000,15000,1100000,"-UV_DN_25-_Zacco_ren_ngoai_phun_PPR3/4""_PN20"
431,RUZRRN32,30,680,49000,55000,4080000,"Zacco_ren_ngoai_phun_PPR-UV_DN_32-1""PN20"
432,RUZRRN40,24,660,41000,45000,2640000,-UV_DN_40-_Zacco_ren_ngoai_phun_PPR1.1/4_PN20
433,RUZRRN63,12,800,9000,15000,4800000,"Zac_co_ren_ngoai_phun_PPR-UV_DN_63_-2""_PN20"
434,RUZRRT25,30,240,40000,45000,1200000,"Zacco_ren_trong_phun_PPR-UV_DN_25-3/4""_PN20"
