id, identification, timestamp, despatch
1, YjLu0asVxyAfJWhmF4ZK, 1970-01-11 14:38:58, 1970-01-16 18:25:41
2, nr3LRC1V5UeG8A4mWYgU, 1970-01-09 23:38:58, 1970-01-17 04:52:41
3, Se3jnaJUcbqVsVtLxitz, 1970-01-16 02:30:37, 1970-01-18 07:36:41
4, oBnwcyDuZhjwICn45coT, 1970-01-14 23:26:11, 1970-01-17 21:59:27
5, XPme4beKc43HK30GXaDk, 1970-01-13 22:26:38, 1970-01-14 06:03:03
6, lnGn6bMXptSINMMaKjXd, 1970-01-05 23:19:42, 1970-01-08 02:06:26
7, ZBuwcM0VLOrOB0HVXkW9, 1970-01-10 17:17:05, 1970-01-13 11:38:36
8, bzEgU8SZK3TgDR4JU8NZ, 1970-01-14 00:47:00, 1970-01-16 00:24:40
9, AEZcH0jPvAX4uC6RlGKz, 1970-01-12 00:07:36, 1970-01-14 19:25:10
10, NT0SX9BalQKg8r9J1TVn, 1970-01-03 22:49:43, 1970-01-13 23:06:02
11, u8kIsVLvjdEEhWetrEX9, 1970-01-03 13:38:33, 1970-01-09 17:39:24
12, SpfKsm1oVf0bAxFC1KKp, 1970-01-16 16:12:21, 1970-01-17 18:51:50
13, Zp2zqeJDVMyF2LWGb6X6, 1970-01-06 05:03:50, 1970-01-12 21:36:57
14, aQdA07vsdA0pyTT5I62b, 1970-01-05 05:34:59, 1970-01-16 17:08:20
15, 6WhB71i7LtfVw2jGb5dY, 1970-01-13 14:21:24, 1970-01-16 01:47:19
16, emjIV59gNBFS4HasQRNt, 1970-01-12 08:05:49, 1970-01-15 00:28:35
17, BVtRENeNmrs2HKDjPFMM, 1970-01-02 17:06:57, 1970-01-05 04:14:30
18, 7UvRpvu3pKsqh1dirCBD, 1970-01-15 15:57:02, 1970-01-16 01:27:48
19, 4dJcEJyIV62vpZ0avxpt, 1970-01-11 16:55:55, 1970-01-16 00:52:03
20, jD2t8ZXQFnILInUSKIji, 1970-01-17 16:52:25, 1970-01-18 02:04:35
21, VJkpomF9J1PIlf2etKkt, 1970-01-03 11:09:48, 1970-01-04 22:59:50
22, 9uumZK5Vta6J5U0wovts, 1970-01-04 15:11:20, 1970-01-15 00:16:21
23, slGfodqH0VaZjjxXWfZ1, 1970-01-06 07:36:44, 1970-01-15 00:53:11
24, mh6pJeAxLHmWbRB46vGX, 1970-01-07 12:20:02, 1970-01-16 17:53:44
25, VjvPVzjFaQIC2cSVyGIJ, 1970-01-09 17:05:30, 1970-01-17 07:51:00
26, ejQvRnWLQbydu6spyv2k, 1970-01-06 11:27:34, 1970-01-17 16:46:02
27, gBBcOgh2urAYQWcXolLh, 1970-01-08 18:46:37, 1970-01-14 00:59:02
28, Dy7rBBlQKMHK2tTcURkh, 1970-01-10 12:18:40, 1970-01-11 09:58:43
29, Zhphn4yZBaWV2x2i96es, 1970-01-03 13:22:18, 1970-01-14 08:17:21
30, hH9HB06EDtXqs3rPM9dB, 1970-01-17 02:20:47, 1970-01-17 08:25:10
31, 2NiR8ssMWoXfSKqGy87t, 1970-01-13 13:44:50, 1970-01-13 19:05:46
32, oFvi62zjVdL8iwNoYj48, 1970-01-04 22:54:36, 1970-01-15 07:11:15
33, Sxt8Xz740gOlm2l6sDxO, 1970-01-13 08:36:35, 1970-01-17 21:54:07
34, znUWOvywXgjYgBgcLC9P, 1970-01-16 07:32:03, 1970-01-17 18:14:38
35, 058TpymPlxl1I2kUvwVJ, 1970-01-14 13:42:25, 1970-01-15 19:53:48
36, NMWCdxlAwFKlGWmQ6lNU, 1970-01-11 13:53:46, 1970-01-13 08:44:31
37, dUrVj7zxwGjXGKyCEXJj, 1970-01-07 15:15:35, 1970-01-18 00:20:40
38, g53bfmQpPhlPJ4dhNp4s, 1970-01-18 07:30:49, 1970-01-18 07:31:32
39, 3WeSCHcQ5las6BALWsyT, 1970-01-04 23:53:35, 1970-01-08 21:24:08
40, 0c0TDGT7xE7gQQWLxNSo, 1970-01-14 23:59:03, 1970-01-17 06:21:33
41, DHnvKnndIzbMkVvPZh5e, 1970-01-13 01:38:12, 1970-01-16 16:05:31
42, uVANr2ir47rj9p4OUNIa, 1970-01-13 00:45:01, 1970-01-14 07:05:37
43, VkBlEGqzkAb7lgJiTxoC, 1970-01-11 07:47:55, 1970-01-12 21:11:40
44, 63XvdlhW4Upicp06GDar, 1970-01-06 23:42:21, 1970-01-13 13:46:55
45, tU58nHOswyViNKrVXPk3, 1970-01-09 06:03:29, 1970-01-17 00:23:33
46, G6LRxuBP7W5UNsRobb39, 1970-01-10 04:27:17, 1970-01-15 08:11:21
47, rfQ87i42GVNRjjBSJZQ4, 1970-01-04 21:51:54, 1970-01-12 17:07:12
48, KNg1qd6RrV6HqTstjKxX, 1970-01-15 02:10:17, 1970-01-17 00:55:39
49, Rz3dJLqQElt0ApUc3oFC, 1970-01-09 17:30:41, 1970-01-13 04:16:43
50, m5oEjJ58KFVCWBTF0aL4, 1970-01-11 14:29:34, 1970-01-14 22:51:56
51, ePGRyMYgm2Y1Vg7QMx7s, 1970-01-16 00:56:53, 1970-01-16 03:36:04
52, hXwsf8NWFFaaLVZ6j42a, 1970-01-15 08:18:51, 1970-01-16 17:28:24
53, vdnt9h7G7GmfhFlqxFKW, 1970-01-03 01:03:20, 1970-01-13 14:58:11
54, kkidlr4pJkcw6Pn4iNGN, 1970-01-02 16:01:22, 1970-01-12 12:42:46
55, LpiClsTjsMuxAkPiHK31, 1970-01-17 00:40:43, 1970-01-18 02:59:51
56, q7wYKaSQQ4jdCnbz1HHd, 1970-01-03 00:17:12, 1970-01-04 05:47:28
57, JWsUQcIIHP5EmgQdxZsD, 1970-01-03 17:31:29, 1970-01-16 03:04:47
58, IkA48fEwALeOoKx6cUkk, 1970-01-14 12:29:57, 1970-01-17 19:35:17
59, 0tvLisoQwCROrPQMY174, 1970-01-13 20:57:47, 1970-01-16 17:25:52
60, xlsQo9P2GRnbcoBJEIiP, 1970-01-06 06:30:51, 1970-01-15 19:19:18
61, 5gLG4xLQsRsmJI5lWn0G, 1970-01-03 20:27:34, 1970-01-14 01:25:30
62, Wv8vcxdrYFySUSTyFQIl, 1970-01-09 06:28:47, 1970-01-11 11:47:41
63, dRSQAmdHYwlkXCKhlb2u, 1970-01-15 06:15:53, 1970-01-17 00:35:02
64, KxQriAvVtpnIHk9pH0Us, 1970-01-10 06:44:12, 1970-01-14 17:21:15
65, WlSud590mlOIdIGZ2MLx, 1970-01-10 09:08:21, 1970-01-13 18:46:00
66, K4qYqexJoZET5I4a63wE, 1970-01-10 07:45:28, 1970-01-17 03:05:57
67, QiRkMiN7CoQdKlNiSha4, 1970-01-06 13:04:23, 1970-01-16 22:25:21
68, TOkc0zu04JgI0yf2VBnJ, 1970-01-09 15:41:58, 1970-01-10 00:19:11
69, J3YzXGm8l1jqGQC1BYbx, 1970-01-16 01:14:37, 1970-01-16 10:13:19
70, IXEia82kNhhA5ZRX2BCt, 1970-01-06 05:18:46, 1970-01-14 08:29:30
71, lEmoSBtWBaN1Oww356Dm, 1970-01-05 14:26:40, 1970-01-10 19:39:21
72, k55Zmytpf1pjqTHSytDd, 1970-01-14 10:16:04, 1970-01-15 06:05:04
73, FLuvs63ddOWJK6RQOhJ3, 1970-01-15 11:31:22, 1970-01-15 21:53:15
74, a3tBbyWNK0RqKorwkfn2, 1970-01-04 07:56:58, 1970-01-07 14:19:16
75, BAv19piuQ1DhfDOIXfuT, 1970-01-08 02:49:39, 1970-01-13 22:11:03
76, 2JiLxNh6HZgjUTlqkwV3, 1970-01-05 17:31:59, 1970-01-05 22:40:19
77, hQaLkcy336UmTOzcc3jf, 1970-01-14 09:12:01, 1970-01-14 21:13:03
78, sYDfxKwckvbxKJvIzQdG, 1970-01-12 13:25:44, 1970-01-18 02:01:00
79, KJIMVRjA5FV6yHgNyZaV, 1970-01-07 12:14:23, 1970-01-18 06:32:06
80, Dbg1NlpfI0f5zsUlOXbg, 1970-01-07 14:05:00, 1970-01-10 02:04:19
81, 43kbsxqF3QMw5n5s5gmo, 1970-01-16 01:26:34, 1970-01-17 23:42:57
82, FQELSXKgCxvzSK7ehPw9, 1970-01-09 23:54:12, 1970-01-11 23:49:32
83, 7ZujcF9ZzkIpNULFA85w, 1970-01-17 20:54:38, 1970-01-17 22:56:29
84, v7r7sBUZ5US2IJnxEIxF, 1970-01-12 09:53:41, 1970-01-17 15:35:59
85, ZUeovBUtL9zq4uSvAwE1, 1970-01-06 13:48:52, 1970-01-09 12:58:31
86, dadyLx4mP0rm0e8VomJ0, 1970-01-07 11:41:39, 1970-01-08 05:45:31
87, bwhQvyP9zFLOi2j7gBQ5, 1970-01-12 17:05:07, 1970-01-13 14:44:36
88, a6aCXOkPOG86OOQOXfiC, 1970-01-03 12:48:18, 1970-01-11 13:09:32
89, ihCoaYb3DUpDu5ZYLp6W, 1970-01-13 06:46:51, 1970-01-15 17:01:57
90, CoBPpBmYi9x4hsZ56z3J, 1970-01-12 23:24:02, 1970-01-14 14:53:14
91, jvNhgeOgXL5yNi1aCCfi, 1970-01-14 02:27:40, 1970-01-14 03:11:34
92, GFnKjb1lyfjqcCCAIu46, 1970-01-09 11:25:06, 1970-01-14 05:18:47
93, 3wM9KrfaUTvnJcmUxXvS, 1970-01-16 20:07:39, 1970-01-16 23:56:50
94, ec5p5hisVOj9N41eEY30, 1970-01-16 10:46:54, 1970-01-17 00:32:48
95, L7fPowVhcTu6E2TDu83T, 1970-01-11 04:21:33, 1970-01-11 16:41:27
96, cEMEPJqPVKRgezehhuxF, 1970-01-13 10:35:54, 1970-01-15 22:25:24
97, xQz30DG1BLamMTR2W3xa, 1970-01-13 01:49:23, 1970-01-17 09:55:43
98, PKrMXFpFnodkfE4Y6V53, 1970-01-07 06:19:37, 1970-01-12 14:49:53
99, 2suClrtyAzsHBksbZSN2, 1970-01-03 05:26:56, 1970-01-09 12:58:42
100, Toz97i3eN1W7zxay9Bss, 1970-01-07 06:01:30, 1970-01-09 06:14:08
101, I1cDojemnj8S7JPIiWMK, 1970-01-13 18:44:33, 1970-01-15 20:54:05
102, S0xymrBYakU0DTKmPiPC, 1970-01-18 07:30:44, 1970-01-18 07:52:29
103, hqOXIbQ8irhhahj1Dtz6, 1970-01-10 08:18:39, 1970-01-17 11:19:56
104, Q2vf1uk18JHUnDorL10K, 1970-01-13 21:32:32, 1970-01-17 23:05:41
105, VL6r3obgOnpJ7gblrXKC, 1970-01-06 00:40:50, 1970-01-15 08:39:42
106, x0AoP94aXy94iyiGDVKc, 1970-01-04 11:48:33, 1970-01-16 14:12:41
107, grQ0TuonRUjXOjnR7Pbg, 1970-01-14 01:01:42, 1970-01-16 19:41:04
108, Ql6zTKSqpa5EhaHw3mfh, 1970-01-12 21:05:14, 1970-01-17 04:49:23
109, ZHDPI1eU4CxoWvOw3IAR, 1970-01-14 04:58:38, 1970-01-15 21:13:34
110, msg7daGX7FfBPHKCoQhh, 1970-01-11 23:20:37, 1970-01-13 17:21:38
111, odFO7N6ADOvGpcJKH0rt, 1970-01-05 10:33:12, 1970-01-14 20:32:48
112, 6DTYfXqy6lRR30Z41woz, 1970-01-03 22:36:54, 1970-01-05 05:49:25
113, hYh4ayfnBqWl3PRZ3PiN, 1970-01-08 07:38:38, 1970-01-10 05:44:32
114, 2h9nUjvgjMGllxQN7Y0H, 1970-01-06 15:55:30, 1970-01-10 20:18:07
115, bevvx4ZU4p3kXXpwXr2E, 1970-01-15 21:17:02, 1970-01-16 14:32:28
116, oqeqZLUL97M9lmHX3f9o, 1970-01-10 06:57:47, 1970-01-15 00:23:16
117, txxTHFWgb5693aIKjIqj, 1970-01-15 13:26:23, 1970-01-15 16:45:09
118, BiLgNVedyD9vyggHdXJS, 1970-01-06 13:21:01, 1970-01-13 07:46:54
119, dNRtIXhy8XPxri8lpcLp, 1970-01-04 19:54:23, 1970-01-14 11:47:13
120, 0kz4ha9uTPjTKqvxpXVv, 1970-01-16 08:30:04, 1970-01-16 11:16:20
121, aNk5fbSPbeemOX3byAOh, 1970-01-12 03:57:48, 1970-01-14 04:33:47
122, XF3RnjUnicl7ixd0zwcY, 1970-01-09 23:07:44, 1970-01-12 23:02:19
123, tbKERooQiTQ2owsBBL0a, 1970-01-13 11:11:29, 1970-01-17 15:44:31
124, 89vZpacCMSAnGPBcQG4G, 1970-01-10 03:39:54, 1970-01-16 01:33:17
125, s77UONXzCSJJoNYXzshj, 1970-01-14 18:29:22, 1970-01-15 18:09:34
126, 2wF47d6Fln69Tw9wPRRq, 1970-01-09 10:39:46, 1970-01-17 17:34:51
127, loJFzxr4X6ZzrIfAe7jV, 1970-01-03 15:02:41, 1970-01-16 04:18:21
128, cMu7RzHljQ2VQLilPWfE, 1970-01-16 17:53:55, 1970-01-17 04:16:33
129, KWjkQe2IvJ5TGyk0OfU5, 1970-01-05 00:54:26, 1970-01-13 11:12:40
130, wj7IdMO5RemxjUEBZKJ8, 1970-01-10 20:22:34, 1970-01-10 22:09:48
131, J98XXfItnSB605adUk1t, 1970-01-11 05:20:15, 1970-01-16 02:37:55
132, 74obfC0WDqVLIdFAne98, 1970-01-05 15:59:24, 1970-01-07 00:05:31
133, cwmdrhllDczCd0g9oLNR, 1970-01-05 12:20:11, 1970-01-13 09:07:03
134, Ote1GoYjSQkfuBDp3B4T, 1970-01-06 02:17:41, 1970-01-09 09:45:59
135, WeuP0anl3KIRBbpD0709, 1970-01-09 09:58:21, 1970-01-16 09:55:51
136, G3hjuEwtadO6LDWho8PK, 1970-01-06 17:53:11, 1970-01-06 20:12:19
137, OGSglHLbVs6dcXEBi16i, 1970-01-14 04:20:42, 1970-01-17 23:03:20
138, FZfhQXqpepIMCWfC8DWW, 1970-01-07 04:08:24, 1970-01-13 08:15:47
139, I08EXPv9r3Hq1tKxN5hm, 1970-01-17 04:45:55, 1970-01-17 07:36:50
140, zwn4tD4J2upeqN4kO9Kf, 1970-01-10 09:10:07, 1970-01-14 09:50:20
141, cPoPZ50AUfEAatkjOBP8, 1970-01-03 07:58:44, 1970-01-10 07:35:09
142, sEJc3db7rm3v6QL7h0xG, 1970-01-04 15:22:17, 1970-01-16 21:43:11
143, QL63plR4WLBNQpI32rXj, 1970-01-08 16:06:53, 1970-01-09 09:07:42
144, bUevn0NWbL4mIUcrbCRT, 1970-01-16 04:05:38, 1970-01-16 11:17:34
145, DGImhKEsFV2CFYrROjkq, 1970-01-14 18:06:47, 1970-01-16 21:55:22
146, O8gAx52hzVgYEA8dCimS, 1970-01-10 19:58:11, 1970-01-16 04:11:18
147, VJn0ApbCnODOfqnvbEao, 1970-01-04 05:49:09, 1970-01-11 22:43:41
148, 4LeNxpKXkP7hFKRJ3TMd, 1970-01-07 04:13:20, 1970-01-12 06:35:32
149, FTfepaJqBqDmM1kSW8pI, 1970-01-02 08:54:10, 1970-01-05 21:19:00
150, DpBwwTUQjnn4oAVqcuGF, 1970-01-07 19:07:48, 1970-01-17 12:44:59
151, sx69YDNqwx8BGQ5cVc36, 1970-01-08 05:05:43, 1970-01-16 06:11:22
152, Yw583NqMB39pc3CWataq, 1970-01-04 23:47:18, 1970-01-17 09:36:09
153, OgXvzvkulgzA4AMhPUPR, 1970-01-14 23:33:14, 1970-01-16 12:20:37
154, GSTia9mhfhVyxZV90RZr, 1970-01-02 09:31:46, 1970-01-13 04:15:07
155, KeSHYEYkdegBIQHeKwk9, 1970-01-18 03:44:45, 1970-01-18 05:52:15
156, eozZzJPyz9FQXUchuYq8, 1970-01-05 19:11:46, 1970-01-08 18:52:42
157, ASSIMnrKo9QxzQKsOpiu, 1970-01-03 01:36:03, 1970-01-03 12:32:42
158, xJqmaqrh4HZT5oIa9wdS, 1970-01-06 17:14:17, 1970-01-11 00:31:10
159, 42Uj4ujxQ49ckDV9xYPV, 1970-01-15 13:57:30, 1970-01-17 21:49:36
160, 9ANJLYXmYa817KoqcQyC, 1970-01-10 04:54:44, 1970-01-14 17:01:43
161, yAC8vFcEflhONFYgE3sE, 1970-01-09 16:27:40, 1970-01-13 07:58:36
162, p0TfV0MHz262sHQPakO6, 1970-01-13 01:08:54, 1970-01-17 20:02:57
163, CYNuDKCLrealTU0EhB0S, 1970-01-07 08:00:15, 1970-01-11 23:04:40
164, BSWzdcRi0G5h7z2IBQ3t, 1970-01-05 15:08:34, 1970-01-14 22:47:10
165, VgaMwk3fT1wXeymcmXFC, 1970-01-14 06:10:57, 1970-01-15 10:02:57
166, aZiDfPFGzYOuhyJcIpew, 1970-01-11 02:23:53, 1970-01-17 08:40:40
167, 14xbtwVKfIqrAsBULi4b, 1970-01-11 09:59:27, 1970-01-17 14:23:16
168, ZUB5Bk8QS8g1B4OjoeNs, 1970-01-16 06:36:25, 1970-01-16 11:50:21
169, C0txROWMhGMMpmYcVJft, 1970-01-16 11:17:08, 1970-01-17 07:22:11
170, stsRIAQbot3kKYARncmg, 1970-01-15 17:33:41, 1970-01-18 02:11:25
171, H0oeK6SKLohTiwYqhYdZ, 1970-01-06 16:46:16, 1970-01-17 20:51:37
172, MywrwlVELLzqFN8YEnTK, 1970-01-07 03:37:20, 1970-01-12 01:33:45
173, fQmt4sQOilSlTeeozLzR, 1970-01-06 07:29:26, 1970-01-17 10:02:25
174, fkcBJ1ZkbkgaPFhW82ya, 1970-01-14 11:38:20, 1970-01-14 13:41:26
175, TocOIpVkF6uopXZ7Wxha, 1970-01-02 09:03:07, 1970-01-10 21:31:07
176, lwtve6fgmdif1vNDDejj, 1970-01-15 18:13:39, 1970-01-16 07:51:32
177, ud9Z7bn0yP6F79nQoyuy, 1970-01-03 02:05:40, 1970-01-11 01:54:44
178, sRVwviuQVCBIw0FNM1i2, 1970-01-13 15:49:06, 1970-01-15 05:14:50
179, MvRENB58APOljGzO2XJN, 1970-01-14 23:15:22, 1970-01-15 08:18:35
180, MgfbnBe8EOsxXuMkTkkr, 1970-01-15 23:03:11, 1970-01-18 02:11:40
181, qxQVAFKfG4h0DoKgddEP, 1970-01-18 01:37:37, 1970-01-18 05:10:19
182, GVwZPMROxYgqHjliKIEr, 1970-01-03 14:18:37, 1970-01-12 05:54:06
183, 6srANNAjGQ0f4RpUBXev, 1970-01-06 07:56:39, 1970-01-08 23:40:43
184, HuK3mDjA13ItQMsuX4oq, 1970-01-08 04:18:20, 1970-01-15 16:20:28
185, MBNWAyV6ZjD72boWKnEB, 1970-01-09 21:05:25, 1970-01-15 00:30:51
186, PGLAOOauUenjS2l36pbb, 1970-01-13 22:00:23, 1970-01-14 12:36:03
187, zwTRoW5wRhbw7ZK3HV7o, 1970-01-11 15:29:24, 1970-01-16 13:45:40
188, EjqCuSqU7s7Z14wYgJrq, 1970-01-05 20:29:58, 1970-01-10 17:21:21
189, n1JYJeU3sRUvMP2QUOiw, 1970-01-16 02:08:23, 1970-01-17 18:13:16
190, ePaef6hqjLKEMQE2VM09, 1970-01-07 18:25:51, 1970-01-10 09:09:15
191, Y2GzGORzPdxNJelHzphP, 1970-01-06 02:04:46, 1970-01-13 00:56:15
192, BJqTtcQvtY9x5mme1ur1, 1970-01-08 11:56:38, 1970-01-18 07:04:04
193, tHEE7R2u4LYR6i5dcqY4, 1970-01-15 19:25:07, 1970-01-16 06:38:48
194, BDpB09BS7sGAQmeAl2nl, 1970-01-05 16:56:07, 1970-01-07 03:51:29
195, E9pyiX11NGkAB0OxsKTO, 1970-01-17 18:41:35, 1970-01-18 00:59:47
196, rriKV9KDrELyeIujzOFD, 1970-01-14 15:28:47, 1970-01-15 13:44:46
197, I1x8cnFELpHD5H4nApoL, 1970-01-15 23:50:21, 1970-01-18 00:39:44
198, lzwBWkEV454CvxR8a4NT, 1970-01-11 08:35:03, 1970-01-15 00:40:52
199, SkWXiBUCqxGvkhbBzn9c, 1970-01-11 11:39:51, 1970-01-12 21:43:16
200, Yyf2It8Sqw6QtiMUxT5v, 1970-01-13 16:52:26, 1970-01-14 19:57:41
201, 80qtu5WvaXFJF2z1nHTs, 1970-01-13 03:34:19, 1970-01-14 00:18:09
202, AiqoaRtUKaqvc7vHKks4, 1970-01-10 21:59:58, 1970-01-18 03:11:24
203, m8kn5A6BGE98zLQnapsn, 1970-01-06 05:36:00, 1970-01-06 21:51:06
204, jBhFKWHzAwMD5S588zB0, 1970-01-04 13:23:16, 1970-01-05 13:48:16
205, REXOYhhrOnA2Ot4zXLjt, 1970-01-14 02:39:35, 1970-01-17 17:54:20
206, y6FYXj6ZAVUaa0ltqzK5, 1970-01-05 12:08:59, 1970-01-16 09:14:52
207, glzikohWnQdANQZVCXpn, 1970-01-07 13:53:20, 1970-01-10 14:04:21
208, jUsztqb7v5jY6yBXglZI, 1970-01-03 11:49:35, 1970-01-17 19:35:05
209, 7b1X7v44U7UqRR9eJq40, 1970-01-06 19:49:36, 1970-01-08 03:08:36
210, pXDmJoJ5UXSojYjwAJ3B, 1970-01-05 14:51:42, 1970-01-10 00:28:09
211, 8MqfNug1QTP1l212km2t, 1970-01-15 20:51:55, 1970-01-15 22:51:42
212, CD1S15vnRIyatO71zyI2, 1970-01-03 19:56:16, 1970-01-15 07:17:32
213, t0NlyVuCTsV1nAh8zjHZ, 1970-01-05 15:10:39, 1970-01-12 04:14:34
214, iclOoRctT37iv1YTALuI, 1970-01-05 20:22:38, 1970-01-07 19:23:22
215, nTvKHSzr91ux8hXZhStG, 1970-01-09 06:53:51, 1970-01-13 20:55:43
216, B6dMh0fUyKluwgGr9ITv, 1970-01-18 05:13:00, 1970-01-18 07:14:40
217, n9E0EJHi2Yh7VnpvDUbi, 1970-01-03 11:34:28, 1970-01-07 16:20:30
218, kMdAP4SXmWb1r8VHjjdc, 1970-01-07 12:45:07, 1970-01-12 20:19:01
219, BGlQkCcYmrV38a0Hu8vH, 1970-01-04 07:02:50, 1970-01-06 08:17:02
220, R7dHl0V1raTKnJ77s9yn, 1970-01-02 23:28:18, 1970-01-13 16:49:43
221, DUjXWNVfYzmS09xxUhax, 1970-01-12 05:32:57, 1970-01-15 14:22:40
222, oN9ctAx2FF0vQXoZfwIg, 1970-01-10 18:07:50, 1970-01-11 09:11:16
223, oSEfu50eS3oXfXxoXfrs, 1970-01-05 15:07:15, 1970-01-09 06:22:09
224, RfZC0ks41mHfGSL6S36Y, 1970-01-12 23:16:09, 1970-01-16 04:24:11
225, 9HUaOPjjNAIhPpGCg3WX, 1970-01-09 16:44:06, 1970-01-17 05:06:39
226, iLvqKlIEPrqFh1Mwe0rl, 1970-01-10 16:21:56, 1970-01-11 03:12:14
227, ygmtqlCg09tYUxvMHOei, 1970-01-11 05:00:51, 1970-01-14 21:43:52
228, tp9Y9gO4ncRpYIXvdhKv, 1970-01-03 03:12:16, 1970-01-14 20:21:29
229, yj1m1NYUB64giarkzHFb, 1970-01-06 09:37:37, 1970-01-10 02:14:07
230, 0CTRqxgVCBY7qMGWqQbO, 1970-01-03 06:54:40, 1970-01-05 22:18:17
231, wDcM5bhS0L4LLlcSQcV9, 1970-01-15 07:24:17, 1970-01-17 00:01:31
232, LxYN9XcvstxX5jEwUkGf, 1970-01-16 20:28:39, 1970-01-18 00:43:23
233, kR7kdmPM2vcQYaXq6g0P, 1970-01-10 13:51:03, 1970-01-13 22:52:10
234, fsYpIH8uuevpVhUt4sUQ, 1970-01-13 21:36:16, 1970-01-14 16:30:28
235, 05dz3r2HdK7SA6yKZHQN, 1970-01-04 16:39:03, 1970-01-04 23:46:22
236, Eo0htx51KYUVozc68Ju1, 1970-01-07 05:12:52, 1970-01-12 13:14:01
237, s8chm0RBhDIZMowvmE7j, 1970-01-11 22:42:12, 1970-01-12 03:12:11
238, OhvI3TBVikSY37Kukihv, 1970-01-06 05:53:09, 1970-01-16 17:52:53
239, dwk1Wy9IRIeFxEHfqQrU, 1970-01-13 20:39:00, 1970-01-15 14:06:00
240, I6SHJ3D4b43sioc09h5f, 1970-01-06 07:52:13, 1970-01-16 11:54:25
241, LYe8rJ0NiZTC9Cpe9SE0, 1970-01-10 07:40:22, 1970-01-11 03:51:12
242, uBZiWq68pr9mMLfBM9eb, 1970-01-11 03:26:23, 1970-01-12 17:05:33
243, lTFysatPHMA0M8zgfZkV, 1970-01-13 04:56:44, 1970-01-13 17:45:36
244, AZpypG9c6bPwrPTcgmmg, 1970-01-17 15:22:42, 1970-01-18 04:58:28
245, CWC47uApTCMbUrMCrD4G, 1970-01-04 19:56:08, 1970-01-16 06:03:53
246, cS1Qa5RMdiSB9ZhkBrpB, 1970-01-14 16:15:39, 1970-01-14 17:01:08
247, KRYIP0BkniAmkWhr5H6M, 1970-01-02 07:57:16, 1970-01-11 02:37:23
248, cW9USf15EpYyYZ6oVDG3, 1970-01-07 22:49:57, 1970-01-17 11:48:09
249, RsZjOIlASCvmuNZmD1WZ, 1970-01-02 11:54:44, 1970-01-07 12:03:50
250, M9vSsMBcWzHmn7HaJaTb, 1970-01-05 08:14:41, 1970-01-06 00:57:01
251, 8VAmZt5LxgM1X7C2stuY, 1970-01-06 08:31:51, 1970-01-13 01:06:47
252, WdOSw8gSutCqdOWRbXwD, 1970-01-13 23:45:27, 1970-01-15 20:16:19
253, QoMR4N1vllMFwqQUiAfv, 1970-01-15 09:50:47, 1970-01-18 05:43:29
254, 4cwEB0JEsCWLvStwMd8G, 1970-01-14 00:28:50, 1970-01-15 07:02:39
255, 6KcILuusfLqDeI7ZjgEZ, 1970-01-10 14:19:26, 1970-01-12 03:13:16
256, oFaqtebGeYdf6rCPlhzS, 1970-01-05 20:09:17, 1970-01-08 23:50:14
257, 4jatdnQ1vgphBkbd4eJz, 1970-01-04 12:47:12, 1970-01-06 17:02:03
258, LYBhI533OEOpkCJTGiBR, 1970-01-11 13:05:56, 1970-01-14 18:28:47
259, vCRWGuLuv4UV3IkFNKef, 1970-01-10 10:56:30, 1970-01-10 13:41:26
260, 4srQlsYon9w4Wwt5TIQN, 1970-01-05 05:08:15, 1970-01-13 23:29:10
261, IafdCk5Hdsa1iyV4cKNV, 1970-01-09 03:59:58, 1970-01-12 15:18:22
262, TA3KIs6nyUm4kREmeziU, 1970-01-02 18:02:51, 1970-01-12 02:06:15
263, rCjf3FYPDXGSjMj9J1Tb, 1970-01-11 20:27:01, 1970-01-17 03:04:28
264, ecLcfvTDTFQA65rgILSM, 1970-01-17 04:17:06, 1970-01-17 13:45:38
265, fMLuxiNWKIOA0WFMsdKC, 1970-01-12 12:21:11, 1970-01-15 23:10:16
266, HBIKV1UnhfJOampHdF5F, 1970-01-08 10:40:48, 1970-01-14 09:32:03
267, PIXl7GbWTFQj08CK5hYN, 1970-01-16 16:55:17, 1970-01-17 12:35:08
268, obvmkdULgCSeNY7znfwB, 1970-01-09 01:26:48, 1970-01-09 23:11:21
269, qZP0ERhB9TYoUEMwOT7y, 1970-01-10 18:49:46, 1970-01-13 18:16:29
270, z1mDGKT1quWyCiYHRrrH, 1970-01-05 19:03:55, 1970-01-16 16:46:35
271, ZEVIPWOPbz2FRDAAa1T2, 1970-01-05 02:29:50, 1970-01-13 14:42:16
272, VkcxMwARrWnyLLsPjlBx, 1970-01-05 23:26:12, 1970-01-10 05:50:59
273, gUPsW7exWsx9NJZ0m2de, 1970-01-05 02:15:14, 1970-01-13 15:47:16
274, h2YU9Y3znIAfgX50iWif, 1970-01-13 07:44:45, 1970-01-14 18:08:39
275, 6OuL6SX6d9V9ZUXt3BxL, 1970-01-06 14:52:24, 1970-01-15 01:02:24
276, kuFjvMuvTG4tyPjBojBX, 1970-01-10 15:01:00, 1970-01-11 11:29:13
277, 1r1mC6Xz51LkMXEO3Rmv, 1970-01-02 19:40:44, 1970-01-07 16:29:37
278, SvbsGVacFMJWvB0NKWJM, 1970-01-17 08:43:14, 1970-01-17 16:24:37
279, 0Ofkb8tKz1tUkPSbaaMT, 1970-01-03 10:33:30, 1970-01-14 16:50:55
280, DsWZgClCbvKMcFLJ2Pnk, 1970-01-03 18:46:55, 1970-01-05 19:51:22
281, y455Kfl9yX81xqF6DkU5, 1970-01-11 19:23:31, 1970-01-17 05:44:13
282, nAo2cPLIbjDNOz1y60ey, 1970-01-03 02:47:12, 1970-01-17 06:32:01
283, ghoqEKRILtONVpZ6vyzq, 1970-01-10 13:13:54, 1970-01-12 02:48:09
284, qMHETYq0G4xF0lHQhhDK, 1970-01-09 19:50:25, 1970-01-18 07:21:26
285, mR6KnZGT5WBl9R892wLz, 1970-01-11 08:57:51, 1970-01-17 07:49:18
286, pPcYhNrBa7qCbbqtUa6V, 1970-01-10 17:16:48, 1970-01-16 14:39:27
287, sTuqDbIzxyyPwY9FDhEj, 1970-01-09 17:11:59, 1970-01-17 06:09:55
288, DFdyTlt4ThNwVLLwtU4F, 1970-01-13 19:04:37, 1970-01-17 04:33:26
289, jzF3IHGLCX18hVqqPFHR, 1970-01-16 21:59:15, 1970-01-17 03:50:00
290, YxVTqcxQoZMr6LYay5ks, 1970-01-14 01:03:49, 1970-01-17 18:39:52
291, hbUPXcZyJIuwyxQFWEzr, 1970-01-08 09:57:20, 1970-01-10 17:47:44
292, MPpZ8luoCN8BaZh0cTtt, 1970-01-03 10:02:25, 1970-01-04 22:14:10
293, y31XpXL3vtQ901jYFfRK, 1970-01-08 16:23:15, 1970-01-12 21:35:31
294, Py3Re4CFmcOIAPDxutJ2, 1970-01-05 06:07:44, 1970-01-11 13:21:28
295, H5fky50T1PZcObGULULQ, 1970-01-04 21:59:34, 1970-01-12 01:09:39
296, 4P5tEqkJJ05aBGECTfxO, 1970-01-12 20:59:08, 1970-01-17 22:26:58
297, Ksj01Ed0WsJbuRFaY5b4, 1970-01-09 04:54:30, 1970-01-15 03:17:36
298, IJMw0Vqq7nm8smK1B06u, 1970-01-06 21:28:51, 1970-01-12 08:19:19
299, 1iUGsikqswsJiRbzmrPr, 1970-01-03 23:44:41, 1970-01-04 14:18:19
300, T27IoAnwiP1tXUELhYZh, 1970-01-05 09:20:26, 1970-01-09 19:47:26
301, kIzXJouAffiEdAwjXdBG, 1970-01-15 15:31:58, 1970-01-17 20:56:08
302, lvfl6jsYhNftfiEwnPTy, 1970-01-17 14:53:53, 1970-01-17 21:39:51
303, oVsymVLOPrepZhia6lDk, 1970-01-03 03:44:23, 1970-01-12 00:15:40
304, m4vLqXS3c3AQwVW3ZFtS, 1970-01-09 00:39:20, 1970-01-15 19:16:49
305, VplmBwNtDOvVN0frmTK9, 1970-01-09 02:20:50, 1970-01-14 13:39:56
306, W0pPmRDuPIMwbTOs34fF, 1970-01-14 14:53:56, 1970-01-17 03:08:16
307, LQJMUVmwmr4aIfzMeJaB, 1970-01-11 14:42:15, 1970-01-12 00:32:55
308, QhtbCddT3FvDETHETklz, 1970-01-03 22:38:16, 1970-01-06 00:43:19
309, VQCqdVeLKGxj8ULrLZxK, 1970-01-11 05:47:58, 1970-01-11 06:07:31
310, 8wHZCRsaFRtgwDl9QEvj, 1970-01-03 09:12:32, 1970-01-12 09:34:00
311, TyBNO2ERnznvKr38e8vo, 1970-01-07 02:58:07, 1970-01-13 23:33:57
312, t18G5dwEEvY4aZnKlCR5, 1970-01-09 01:23:20, 1970-01-18 04:41:21
313, IeFT1Ti0bwTlzK1DUbTC, 1970-01-02 14:38:41, 1970-01-10 08:46:10
314, L8lbg7bJ8JMGK9zCDXes, 1970-01-16 13:45:59, 1970-01-17 12:06:55
315, rQ60f8zmpv5cdXe7sfo5, 1970-01-08 04:27:36, 1970-01-09 17:36:21
316, Af0fcAr2aptZFR0mGbP4, 1970-01-16 02:05:35, 1970-01-18 07:36:33
317, omz52gvYFzxnFN93c9ct, 1970-01-04 03:49:31, 1970-01-05 23:28:33
318, zEq0jd7D86tppLvQmBLS, 1970-01-13 17:36:34, 1970-01-16 23:18:39
319, dtcrRQ1bcaqnOym4kDA9, 1970-01-17 16:57:10, 1970-01-17 21:12:54
320, VoEHMlyHO21TSZ2iwtqz, 1970-01-05 03:53:40, 1970-01-11 00:02:30
321, SqfhWXw1iTQPzOmLyJ7G, 1970-01-17 00:00:02, 1970-01-18 01:49:37
322, Dx3TWrYQC9IMXbVlZQHD, 1970-01-11 06:06:12, 1970-01-14 00:28:52
323, a3Jqf4GP9YRng99uGlNO, 1970-01-14 03:12:50, 1970-01-17 06:37:37
324, rh4dBwBxIEXbkMGnnpOR, 1970-01-07 21:04:50, 1970-01-14 06:58:59
325, f1NsX9ZPGjatkaYEZa4X, 1970-01-08 00:17:53, 1970-01-12 01:47:13
326, irZhontw9CeeyNAZOZJC, 1970-01-02 12:44:56, 1970-01-07 11:12:53
327, CpqXzWU9Bc33HG4A28Wi, 1970-01-02 22:02:56, 1970-01-14 00:04:59
328, VTBOA4KieQzjpnXnXilR, 1970-01-04 23:02:03, 1970-01-10 06:17:21
329, AeKUiKzOzXBt5j7AxvDz, 1970-01-09 01:28:16, 1970-01-10 06:51:00
330, 5x8htvxySjCAuM6dPFy8, 1970-01-16 13:33:04, 1970-01-16 19:47:06
331, Zy3ghUCFtYM8z8wy5WtM, 1970-01-09 20:34:59, 1970-01-12 06:30:05
332, H92vl7EIOO7vzG5cAOyY, 1970-01-15 05:07:39, 1970-01-16 23:07:51
333, 27N87tCoofqCfN9V0IP4, 1970-01-13 09:29:59, 1970-01-14 04:56:55
334, 0LiKO0dUeahZOUmtUS3Z, 1970-01-15 07:48:59, 1970-01-15 20:59:16
335, XpATCqXWpaceqe1AtSG9, 1970-01-02 07:23:03, 1970-01-16 09:47:06
336, Eo1YyXJhjcwFhTLb7UwZ, 1970-01-16 13:32:19, 1970-01-16 18:40:01
337, q6mU0vZkzxBDPV3jcNIh, 1970-01-06 02:20:52, 1970-01-18 00:46:45
338, MEdkO2vvDGIJpp3ueHv1, 1970-01-12 05:40:28, 1970-01-16 00:10:24
339, B5RuuIvRanIUCwf9JyIj, 1970-01-15 17:29:00, 1970-01-15 23:22:56
340, QICN0XbvKxhO5g5WANUw, 1970-01-10 21:47:51, 1970-01-12 23:16:14
341, T3aDPX1DzKaChngPaDjE, 1970-01-14 09:09:26, 1970-01-14 12:32:14
342, JVWm5LmcFlMmoT7bXOcD, 1970-01-15 21:20:30, 1970-01-16 10:08:28
343, EfKzj0EwF7G1yyd76hmz, 1970-01-12 08:10:20, 1970-01-14 19:36:44
344, RNuKxP2srwD84r7XC7j0, 1970-01-15 00:56:42, 1970-01-17 00:08:10
345, BdCv7EFooJnSPSERRpeI, 1970-01-15 16:01:16, 1970-01-16 04:36:40
346, sx6xgt4tlkGDE8TsBucF, 1970-01-02 14:20:22, 1970-01-12 01:19:42
347, SUMiQhYsflXwhW1RXFj9, 1970-01-12 18:54:20, 1970-01-17 11:47:30
348, LyGnrnY7BGniCAVk7uOF, 1970-01-15 19:52:41, 1970-01-18 05:00:27
349, jt1gAySOmn4bkjWVs1ul, 1970-01-07 10:39:00, 1970-01-10 20:17:58
350, UnZyESldbjKYFGIblJij, 1970-01-07 04:04:16, 1970-01-11 01:05:26
351, 1644tjA9u86t4H6hDou0, 1970-01-10 13:27:51, 1970-01-17 00:40:50
352, qUcTbIUpjJTgqcDNncqA, 1970-01-13 20:40:16, 1970-01-16 11:41:10
353, 4nBg68oOmDWLqxyvnaRA, 1970-01-05 18:43:58, 1970-01-10 04:30:37
354, 7eg6eS6eth61HhIL4XVS, 1970-01-05 11:38:25, 1970-01-13 07:58:28
355, BCYbuKQs1ZqyZSgD1b9n, 1970-01-08 22:06:44, 1970-01-11 15:31:30
356, L3IBLLoNuH4jftANQvfL, 1970-01-14 12:57:46, 1970-01-15 15:46:38
357, nnOc8UEvUKnBRFRXdb7K, 1970-01-11 13:58:22, 1970-01-15 20:26:43
358, ODXkMuuuuzyxR9jr6QqD, 1970-01-10 19:28:31, 1970-01-14 15:53:25
359, pa7jb7uNk8ivS47s6zpU, 1970-01-15 06:09:54, 1970-01-15 18:51:36
360, AS1ySAwt7TbgLFTiiyOC, 1970-01-13 05:59:37, 1970-01-14 09:39:09
361, pDFj4A4uu3IElXd8SL5y, 1970-01-17 22:58:41, 1970-01-18 00:54:50
362, HTmOT3fYhfyIpyoZ8KNf, 1970-01-16 12:43:25, 1970-01-17 00:10:46
363, RqEqu1wNpiwQBNplxG15, 1970-01-07 11:24:03, 1970-01-15 01:23:53
364, I4fcRSgkvxgrZ7qmzOpm, 1970-01-07 03:29:00, 1970-01-14 22:49:48
365, GlczwizRWKoXA0uikvaR, 1970-01-14 06:41:32, 1970-01-16 20:46:31
366, SqOwEwifSFQpcbwSREyY, 1970-01-15 00:53:42, 1970-01-15 20:26:32
367, 1M7QhKL6zaexvO2ejEnl, 1970-01-11 18:38:12, 1970-01-12 03:26:22
368, kjfOgNp22aaI6rrV9kAZ, 1970-01-08 22:24:17, 1970-01-14 22:56:11
369, Ko6xL4jnDff2judEOAN2, 1970-01-09 09:52:10, 1970-01-16 13:51:42
370, thEvtNSzkKLXKWdBvYEY, 1970-01-09 03:37:37, 1970-01-13 15:43:49
371, znoqmsap4qdyVYbmXdY5, 1970-01-07 12:38:08, 1970-01-10 18:20:37
372, 9mu2kUTKYKthDWlxdE9w, 1970-01-09 07:21:27, 1970-01-14 09:31:27
373, HTsOjxqfYroXJ1pHrKo7, 1970-01-17 12:31:49, 1970-01-18 01:16:10
374, Pbc4IdHE7IMdjgrRx1VA, 1970-01-16 23:52:02, 1970-01-17 03:21:48
375, PLXSl2qS2J0rXsUc2kyz, 1970-01-07 22:42:00, 1970-01-08 08:42:56
376, tiS2gS3Tl6H5H3XHBQ2e, 1970-01-09 05:55:49, 1970-01-13 07:55:19
377, Jy37n7l5Ygz0bYuiXscv, 1970-01-04 15:36:40, 1970-01-15 00:22:20
378, X1tjcTiluAmrjcFfS6Jz, 1970-01-03 18:34:13, 1970-01-09 00:24:49
379, nRC045RdCv89wMzMxvxY, 1970-01-09 03:36:29, 1970-01-10 15:18:14
380, m6IUR5FuusaV5uDrYTru, 1970-01-14 20:24:15, 1970-01-15 20:14:00
381, 7h9SKi9CI7Zy1XxtFBOL, 1970-01-07 02:01:41, 1970-01-11 11:36:52
382, vTr1Fa91S3NjOEcZ4SWc, 1970-01-04 22:04:25, 1970-01-13 15:47:26
383, 8hFTQlC30PUgcZKGy8hR, 1970-01-07 05:49:46, 1970-01-16 23:19:53
384, 6xLd7FIV6EuPPD4vrATf, 1970-01-15 23:57:19, 1970-01-16 06:42:15
385, IFMU3cx93rox2GG87kIh, 1970-01-09 07:04:19, 1970-01-16 22:36:32
386, 6F0KW6ELD1xvleVhJj3U, 1970-01-10 01:20:47, 1970-01-10 16:00:03
387, wstmkimfnGXxb5zMtuUM, 1970-01-14 20:39:49, 1970-01-16 06:42:34
388, ds0wo2LYkjTipPL89Pru, 1970-01-05 09:35:31, 1970-01-11 08:26:07
389, ZdrccqYMdbyHfo9LTro9, 1970-01-07 13:04:08, 1970-01-09 18:25:10
390, AR1Rd1MxP3HW2VYLFPzE, 1970-01-03 22:43:45, 1970-01-15 22:06:59
391, u95WW5ytdKyjxqbJf6P9, 1970-01-11 14:28:27, 1970-01-14 06:26:34
392, Vu4oUqN5tumFVSJ5Io4T, 1970-01-14 22:55:49, 1970-01-16 10:41:23
393, fhwWMLjzEB1YEAaJP55G, 1970-01-06 05:36:27, 1970-01-14 21:58:59
394, jtdXhnAUyOUIOLvkz8gA, 1970-01-14 11:37:02, 1970-01-14 14:40:48
395, ElwrtBaVwBlZb1lztR82, 1970-01-08 04:35:56, 1970-01-18 01:44:02
396, ZC1XkruIXS0Fp60p3oup, 1970-01-02 20:13:21, 1970-01-17 15:22:36
397, oh7RYjOb5aK1E3O9ilAm, 1970-01-11 15:28:52, 1970-01-17 15:41:28
398, df1522lyTH3S0XFoGJ9d, 1970-01-08 20:02:00, 1970-01-11 10:53:28
399, 2mZo1ybdl9UZElbyYx8s, 1970-01-04 06:59:14, 1970-01-10 04:11:43
400, GoV7hxBUF00Ef4iElPSe, 1970-01-13 08:39:20, 1970-01-13 15:00:15
401, 7noicZ3RrA0MWoqVBw6p, 1970-01-14 07:38:03, 1970-01-15 19:36:40
402, tu2RzqmGew3UInHqXtSc, 1970-01-07 15:29:28, 1970-01-15 15:32:44
403, bP0rZkDaXsiNV43Xzuod, 1970-01-09 04:27:25, 1970-01-13 16:25:49
404, pbBP2Go6gADjZS31nIJY, 1970-01-02 20:43:44, 1970-01-13 18:40:07
405, dNfTiIfTwzrLKmtrdkfF, 1970-01-06 17:56:43, 1970-01-14 13:23:15
406, 3laGwBIbFyXZR4Tm5UAL, 1970-01-10 03:25:53, 1970-01-16 22:33:54
407, VHkRCuFylyIR1ZRv6Bgw, 1970-01-17 16:59:56, 1970-01-18 03:31:33
408, 6uhoElD94TKHAttUcA3J, 1970-01-10 08:35:57, 1970-01-15 13:30:30
409, mXyHk6izLeYm9MKFINDT, 1970-01-06 16:37:45, 1970-01-08 08:30:47
410, tg4c087zHfMdchFFSsB9, 1970-01-09 07:07:03, 1970-01-13 17:10:11
411, 47w4kBSoaw1ooykftww7, 1970-01-14 20:11:21, 1970-01-17 20:17:40
412, esBtQGN92a1BAWWQK7F0, 1970-01-08 15:26:13, 1970-01-18 06:57:37
413, Ewa3tFTLMmHCEwOw7nMm, 1970-01-03 19:00:36, 1970-01-06 08:03:03
414, xJ7onfgwEB3h2m2v4gEc, 1970-01-14 17:25:43, 1970-01-15 12:29:56
415, JWJA5oYP6F0Qy2Z2Flya, 1970-01-03 00:33:04, 1970-01-15 15:06:39
416, UZSLBEcfK5CBpGSFgW2q, 1970-01-15 22:20:03, 1970-01-17 23:39:17
417, KCiaRyNRJSfZsVnd0IWT, 1970-01-15 03:59:35, 1970-01-16 17:54:37
418, Ggyk059qRwfsUWlRlkNB, 1970-01-10 16:17:08, 1970-01-18 02:40:27
419, JUdcLPyFxdwuaLAGD9y1, 1970-01-08 11:49:38, 1970-01-16 03:58:42
420, NCzlmdRYEu8ll4l8S6e6, 1970-01-17 07:03:46, 1970-01-17 17:51:01
421, 0Oc7aJ4t2DEQdpTjRF8Z, 1970-01-11 08:58:33, 1970-01-13 02:11:17
422, Kt5dcyWfcUOf08yEcgzW, 1970-01-12 08:41:21, 1970-01-14 19:29:36
423, GwydsmgfaN4ZXmo31wB6, 1970-01-04 11:57:32, 1970-01-16 09:49:01
424, BLzNtjPlkGinVUnvNEmc, 1970-01-15 20:31:45, 1970-01-17 14:19:53
425, pg1RuhDXtOiRCKscoyaq, 1970-01-18 01:33:24, 1970-01-18 04:01:57
426, LyRXJ5CaKl4lkUbOnncm, 1970-01-04 23:45:44, 1970-01-13 00:30:06
427, 516mtRE0Et3KBKfOs2Xd, 1970-01-09 10:54:26, 1970-01-17 21:36:24
428, ZszrI6k6LgWFrACkyrok, 1970-01-09 02:37:20, 1970-01-13 13:48:04
429, 7MXanvl0Aa1y5A2pCbAl, 1970-01-07 16:13:25, 1970-01-12 11:20:37
430, ffxM94Szb0l8xlcvQZlo, 1970-01-03 19:03:36, 1970-01-15 18:22:33
431, 25yrktriRLyl621QMY6R, 1970-01-14 23:14:11, 1970-01-16 08:52:04
432, zXdtWpVsZk5eRfdH3dbt, 1970-01-12 23:47:16, 1970-01-17 16:39:38
433, CfeczjvYeDpPAxjT3uSW, 1970-01-06 15:30:01, 1970-01-08 16:53:36
434, u9HnXyUy1c10W2KpMoqE, 1970-01-15 10:38:08, 1970-01-17 05:04:29
435, 1L8zay8YMe6AF7l1911m, 1970-01-11 16:19:05, 1970-01-15 17:34:45
436, KGJjUJMfzSfgtFQjg3Ba, 1970-01-10 01:26:48, 1970-01-14 18:11:11
437, ktIt4R5EZ4F0DtgImUx3, 1970-01-15 10:18:49, 1970-01-16 19:16:14
438, lWW8v85L4H4H6VcRkeMy, 1970-01-05 10:55:38, 1970-01-07 03:42:00
439, BjaeeNMpCi1C08pZR88i, 1970-01-03 01:17:55, 1970-01-13 13:50:10
440, CZcMaoXSW9VFhpwOZCkn, 1970-01-08 11:53:21, 1970-01-12 17:46:30
441, Y0rjs0ba483ZX41jhKCy, 1970-01-13 08:11:18, 1970-01-16 17:48:00
442, Knjn71EmpTlzLMxZYQ4k, 1970-01-09 18:38:52, 1970-01-10 00:49:52
443, ORoOKQUZ0fPNl575ASrn, 1970-01-10 01:26:44, 1970-01-15 14:56:43
444, UWlSddZXdmveuhhojDxK, 1970-01-03 21:51:11, 1970-01-04 22:03:32
445, U3ZxBuLGnRRDOrraNgiU, 1970-01-04 23:08:07, 1970-01-10 19:47:54
446, AaB8KyXhjvgDMzECnDl3, 1970-01-10 06:53:26, 1970-01-11 06:29:11
447, D1qd5ICnPWq26iigtQcc, 1970-01-08 10:28:59, 1970-01-08 22:30:31
448, uJtEOB1Oh2soYJtwtiyW, 1970-01-04 05:16:16, 1970-01-17 18:38:24
449, MSTx3y165lDcpKNUuTrL, 1970-01-05 04:44:26, 1970-01-16 04:21:47
450, fgOlKoHJnySfHHkikdjp, 1970-01-03 04:41:53, 1970-01-16 07:50:46
451, NmgLw2IFfezgCKm0kNOg, 1970-01-17 06:22:43, 1970-01-17 23:39:57
452, dZfXtnYzywNUR7tRXLsh, 1970-01-05 16:27:22, 1970-01-14 08:43:23
453, PmYtZYJj6GLQ9ltLBkD0, 1970-01-08 20:01:24, 1970-01-16 21:55:57
454, FGt5uFCiQ8s8cqWFsetU, 1970-01-08 16:16:31, 1970-01-17 08:08:44
455, BwXMVFmdb8yP8embPr0r, 1970-01-06 19:14:17, 1970-01-08 20:41:15
456, eRP2mia5OTL28M5FnoaN, 1970-01-05 15:57:30, 1970-01-12 13:35:33
457, WZDNibOXxQwzJ2s8ueiA, 1970-01-10 08:31:29, 1970-01-16 18:05:30
458, CfYC5capGR05qgvtcw9o, 1970-01-15 06:02:58, 1970-01-15 23:01:43
459, 7qGa6jcZvguaLWZ1VO6d, 1970-01-09 03:55:23, 1970-01-14 11:07:25
460, ky0idDRZYyvWkhtXnLXz, 1970-01-04 13:15:36, 1970-01-04 22:17:32
461, 0sIyw20AB57EmdVYs018, 1970-01-12 15:34:53, 1970-01-17 12:23:37
462, foNumIGeRlD84JBXbihM, 1970-01-10 01:39:00, 1970-01-13 07:52:54
463, ywppAWazFmX4BfHYLwN4, 1970-01-02 15:51:14, 1970-01-11 07:53:24
464, a2os7M5pkyxIeP3FjxLn, 1970-01-04 04:31:47, 1970-01-08 07:07:01
465, TfLu0XN2vvynobFW5Tra, 1970-01-10 18:11:30, 1970-01-11 20:39:57
466, GgdsbJN81hN9dfbOFaa3, 1970-01-16 07:19:13, 1970-01-16 16:58:43
467, UFIAi5bmyC1tFcT6CSg2, 1970-01-17 13:13:21, 1970-01-17 13:53:56
468, Afwl5mZfBOznCfsankTQ, 1970-01-08 07:57:44, 1970-01-11 06:51:41
469, aMZYfU6v4zPTUC4AlV0J, 1970-01-16 02:42:34, 1970-01-17 14:58:21
470, NP7BSN1eCbMNS7cEFWH2, 1970-01-14 19:16:08, 1970-01-17 02:53:32
471, qNBvfMQPf9pmZZw0F3MF, 1970-01-03 09:21:46, 1970-01-04 06:37:27
472, 0IF2TtkQCwvZiRAx2sL9, 1970-01-15 06:58:44, 1970-01-16 17:51:20
473, uuz5LPjyA8Ia71akiN8i, 1970-01-17 10:42:14, 1970-01-18 02:04:59
474, tawWTAe9QB43ksgHToPQ, 1970-01-05 18:03:34, 1970-01-09 11:06:02
475, QjndF2m8rBHb6R751sJQ, 1970-01-08 01:38:21, 1970-01-13 09:08:06
476, 3942iMow906nSoc8QOte, 1970-01-08 12:00:54, 1970-01-12 17:10:43
477, Iiyt7MVIl2DxBZA5ctW8, 1970-01-14 03:30:46, 1970-01-15 02:07:44
478, paukRZh3gRvvajcVXKsX, 1970-01-15 07:40:39, 1970-01-15 18:14:22
479, OeZMIpysAsdvEJ4ySThu, 1970-01-04 05:26:20, 1970-01-11 15:49:53
480, 7RyS2zKcCxRf7KooRNG8, 1970-01-05 16:29:41, 1970-01-14 13:19:17
481, dJeWKCrmrNZfmLwfLLm4, 1970-01-05 03:11:32, 1970-01-07 11:07:10
482, BGnWBbuqOfafAoB3WrLm, 1970-01-03 10:25:01, 1970-01-05 18:29:58
483, 5z7zRI8gc3pTuRQHelJX, 1970-01-13 06:35:38, 1970-01-15 09:23:26
484, jCg1JtO9FkSmtkZLJteL, 1970-01-18 02:01:08, 1970-01-18 06:53:16
485, Xiqdv2u5Tt7GVw6RNzm4, 1970-01-16 07:58:24, 1970-01-18 03:18:18
486, fHUw7nZRVvYKYloA9fpa, 1970-01-02 12:48:12, 1970-01-17 15:13:59
487, Wng8E0MRKLEiqMhQhXt9, 1970-01-02 17:58:53, 1970-01-12 00:08:04
488, TQQExYYbNRm2eScHh8Qf, 1970-01-13 03:09:49, 1970-01-16 06:19:53
489, RD7dFYmMOrzg7hymLpkF, 1970-01-02 10:17:37, 1970-01-11 21:13:11
490, ZsKWoqmrT6ZyD2gJW8GO, 1970-01-17 04:51:09, 1970-01-18 03:17:28
491, KzOHtOxCe1Ro17DDRg5Y, 1970-01-07 07:26:13, 1970-01-15 14:58:17
492, IBWCUSuyb9FeWz632Ala, 1970-01-10 18:00:31, 1970-01-13 02:23:35
493, S8GdSqLMvY5PJoCTRLJ9, 1970-01-05 05:17:20, 1970-01-09 14:16:38
494, hdMk4oISATbvmmAn7Vpv, 1970-01-12 10:35:47, 1970-01-13 01:29:20
495, E9YuKkmgBgvcuA99huKV, 1970-01-07 15:38:36, 1970-01-10 16:33:51
496, NF7Pg5gXo5unYaYaVyag, 1970-01-17 09:09:56, 1970-01-17 17:18:22
497, mphrsY6RNY0PJH64rsX9, 1970-01-07 11:47:50, 1970-01-07 12:57:11
498, MENFBkjMDmjC7oKDinuG, 1970-01-16 20:35:10, 1970-01-17 00:03:23
499, WkZlvS9dRATQ78GhEXjX, 1970-01-12 19:30:59, 1970-01-17 15:22:39
500, 2HkvhUnFEuoID6JMCzbo, 1970-01-18 07:00:19, 1970-01-18 07:40:13
501, LbiLYFsphdt7zff2roee, 1970-01-13 12:54:18, 1970-01-14 05:05:34
502, 3s16QBUgEEOQda3AvarR, 1970-01-10 19:19:08, 1970-01-17 18:59:56
503, rKP9fjIEjGdYnc4If0TP, 1970-01-03 03:15:03, 1970-01-06 10:58:33
504, mFrHfXktBbJXCAGwFVjI, 1970-01-17 01:31:25, 1970-01-17 02:17:48
505, MaLfdOVNnmaa3opnFKHU, 1970-01-18 00:29:12, 1970-01-18 02:34:15
506, ZkUXel57sRoqOjnRgJSY, 1970-01-15 03:54:52, 1970-01-15 10:38:46
507, BitCOC4l4CDFjmCFkTNh, 1970-01-10 00:31:41, 1970-01-18 05:24:10
508, 9jUAfPPcnnczdciaPGf2, 1970-01-05 19:33:46, 1970-01-11 09:47:59
509, Kwh5iuTGxk8Yk9AeuYKf, 1970-01-04 12:29:19, 1970-01-06 07:00:42
510, Tzsp3GWp41cOqNidYXyh, 1970-01-15 19:34:36, 1970-01-18 03:03:08
511, 6WF69tiHSWcdhioQKHzw, 1970-01-12 15:40:46, 1970-01-15 06:20:52
512, UMckLjfWQuQpX543AYij, 1970-01-07 23:28:46, 1970-01-16 23:45:41
513, xxCkK5LFFLYvChyHIAPB, 1970-01-14 03:51:53, 1970-01-18 05:50:12
514, jxagtpzn3Ho732jpc6pw, 1970-01-04 20:18:58, 1970-01-11 09:16:14
515, wKy5qCUjeiDBWIkUVeaD, 1970-01-03 16:58:35, 1970-01-08 07:59:49
516, Gy1gfk8wYr10phY9lQSf, 1970-01-08 11:22:41, 1970-01-15 15:46:31
517, ndkwPKVpkx4c987Q5zTy, 1970-01-14 15:44:41, 1970-01-16 06:21:57
518, ADPqytXDr7j27tqmD7MW, 1970-01-15 05:21:37, 1970-01-16 23:41:53
519, fwdJTNJ2OAAU8tG0XVKI, 1970-01-16 04:57:15, 1970-01-17 03:59:23
520, JN0jjNRjJuJ3eDVzcHDS, 1970-01-16 05:26:35, 1970-01-17 23:43:07
521, iMQdAKocGFypSz28JkWl, 1970-01-17 20:47:59, 1970-01-17 23:17:35
522, 1OI27PiXcuXJiS7tO2ds, 1970-01-15 01:35:11, 1970-01-16 23:36:39
523, 1X24plPlZ2mhADltsAtG, 1970-01-10 14:12:48, 1970-01-17 10:11:09
524, M8vkbj1cZaoJcQVPorEr, 1970-01-04 13:56:36, 1970-01-09 05:42:28
525, Sc5fL2m4JpUApeoQtICz, 1970-01-08 08:38:47, 1970-01-14 12:28:37
526, MCfSaRNVt44vABp15SjP, 1970-01-14 20:00:12, 1970-01-17 18:48:22
527, WZnMTqLDOeCnD6aQpUpI, 1970-01-14 23:15:33, 1970-01-16 10:26:10
528, 6qSwb6ibZjjnda4xe3Rs, 1970-01-07 02:52:38, 1970-01-15 19:54:20
529, xldyE6g5lzWtAgRffbhG, 1970-01-05 05:35:55, 1970-01-15 04:35:55
530, cDpOWTKniOqjCeNcqkbc, 1970-01-16 08:33:06, 1970-01-17 02:37:48
531, 5Bvvj6d1yfw9njjJXUdK, 1970-01-14 21:29:06, 1970-01-17 08:47:21
532, iYaFD4XMVpnDPpvfiIQV, 1970-01-04 10:30:56, 1970-01-13 15:30:49
533, KhOVDH4FY4wPMMF6wuvi, 1970-01-13 18:25:31, 1970-01-14 23:57:34
534, glwWAxlbrGAm2PRSmz7O, 1970-01-08 06:40:42, 1970-01-17 00:19:25
535, QkvyKY4jS4KIffBvQxh2, 1970-01-17 23:13:54, 1970-01-18 06:58:22
536, 9UplwphMBBnxpOkMPHYq, 1970-01-10 06:00:47, 1970-01-10 13:34:00
537, saIOSPJjvV38NbGz2qPT, 1970-01-11 05:24:33, 1970-01-17 18:41:44
538, ig4IcepSsnrHUS1tRivq, 1970-01-07 13:26:05, 1970-01-10 03:42:07
539, AeJ20AptFRMZgw1KWy6Z, 1970-01-12 18:18:49, 1970-01-15 10:26:58
540, Utxbxj22XBgwbKeqsL8y, 1970-01-12 23:27:48, 1970-01-13 15:44:17
541, 36gXRT0PpdGchSKKdzsf, 1970-01-18 00:32:43, 1970-01-18 06:11:30
542, u7oiBSilkP5nSYuC6vFi, 1970-01-17 02:16:17, 1970-01-17 05:55:51
543, xbydGAosKDmN8ApDLnmm, 1970-01-14 18:33:57, 1970-01-14 20:35:47
544, EXpRhf1DDnpvP6aFFkRb, 1970-01-05 05:33:44, 1970-01-13 23:35:19
545, LWL5AiSWoSBU4JWoJZfG, 1970-01-12 06:35:26, 1970-01-13 07:20:33
546, kYn5nTRaCGYorZTsorNk, 1970-01-16 23:27:03, 1970-01-18 04:53:41
547, XDT6o6OohZcXx44FMcsR, 1970-01-12 03:14:11, 1970-01-14 20:45:45
548, smjDF8dCp8W6sLu3OlF4, 1970-01-09 16:59:53, 1970-01-12 06:10:25
549, ADgof6LEnCd6uvBEcyX4, 1970-01-08 09:49:42, 1970-01-13 04:33:42
550, 8aB5Dz9TiP6qyQ9CkVy5, 1970-01-12 11:25:35, 1970-01-18 02:31:34
551, Db7lL32JxxgK2HtYjelB, 1970-01-05 22:41:02, 1970-01-08 03:19:59
552, rTE1iILNIiYbKNoMyzzW, 1970-01-10 22:59:37, 1970-01-17 23:28:05
553, sLnCZGhJLWCOtj1wwWDu, 1970-01-14 21:54:11, 1970-01-15 01:02:23
554, BOcLth91j9KoBgHOidmN, 1970-01-07 06:26:49, 1970-01-16 04:27:46
555, 1IFpE2B1N1UJrpBbOj4q, 1970-01-06 05:27:46, 1970-01-14 08:10:06
556, g6e6FZYpQWcb315dGb8a, 1970-01-18 05:45:35, 1970-01-18 06:04:19
557, wtv6AZwctKVYvRh37teE, 1970-01-13 05:17:56, 1970-01-16 11:32:07
558, a5yTEz8sXcyYIIaUxD1z, 1970-01-02 22:31:53, 1970-01-15 02:04:32
559, XpvHJ1HSox0c7gUWsjo1, 1970-01-14 15:36:14, 1970-01-17 05:40:05
560, 26yUioG8uu9dc75tWH8n, 1970-01-06 20:34:20, 1970-01-12 19:29:45
561, ndr3Knen2qBRCbh5LwVw, 1970-01-05 17:16:47, 1970-01-17 06:16:51
562, BHp6YNN50vqLIQkWzHWl, 1970-01-14 18:54:49, 1970-01-17 14:55:54
563, Fw0Bz7Npc89OjTToQ11h, 1970-01-05 07:46:50, 1970-01-15 19:18:57
564, Wmj1esu93ZYlFtvCUs33, 1970-01-10 11:16:59, 1970-01-16 21:42:42
565, 83lT5jAPKIMjw3NSyxBu, 1970-01-14 23:45:38, 1970-01-15 11:34:25
566, 8Gl9sGAb2L6wanxFfUT9, 1970-01-07 11:05:31, 1970-01-11 17:40:51
567, sF9TObXRSvxrUH4JZjpt, 1970-01-05 16:10:00, 1970-01-18 05:18:19
568, JGNJIdP4KjJ6A4vLSbr5, 1970-01-09 19:16:51, 1970-01-14 22:35:23
569, t1YroeNxMQwGbWLJFHDA, 1970-01-04 21:22:07, 1970-01-05 09:02:37
570, B3yOuvXar4jpvma7yv9a, 1970-01-07 07:23:01, 1970-01-17 11:58:51
571, aVZDoyAyniC8DXUF0dTE, 1970-01-09 20:09:15, 1970-01-17 08:36:56
572, lpJRKVbrNR4nfbY3E2zP, 1970-01-15 05:34:00, 1970-01-16 10:33:46
573, 04QkTY1e9epQVKHjhU4k, 1970-01-08 06:48:12, 1970-01-18 02:23:59
574, VqX6uoenU8CimUyLeAHx, 1970-01-17 22:49:39, 1970-01-17 22:53:13
575, rLiIbMbmPCCmT0oLTphS, 1970-01-13 05:30:14, 1970-01-16 10:14:53
576, 2sqwk9Lh63ZrzeyePS1o, 1970-01-17 03:45:20, 1970-01-17 18:39:21
577, xzJwfwXANPZFLQV86pOp, 1970-01-18 00:12:12, 1970-01-18 00:57:46
578, T2RniBh73GqaiEOjdzft, 1970-01-04 12:28:50, 1970-01-13 14:38:27
579, FT6M6jzXA7tJnaFDr5FB, 1970-01-11 07:49:20, 1970-01-11 21:01:10
580, ocmT5PBcDTjjnTQmy0wP, 1970-01-10 15:14:07, 1970-01-13 19:18:05
581, FFNbMUtsTYi02YrDCqRN, 1970-01-05 07:08:41, 1970-01-12 08:29:36
582, Fo9eF9RoJNlduAskUnFa, 1970-01-04 04:14:56, 1970-01-10 02:41:46
583, yRQyFS36ylKzrlaiNQ9A, 1970-01-06 13:47:19, 1970-01-10 01:38:05
584, oKklpYWlTIS6x3XQhbDL, 1970-01-04 04:25:31, 1970-01-07 05:27:12
585, OWClWwkAlsXSpthp2toy, 1970-01-13 20:48:44, 1970-01-14 22:55:25
586, vFOzNLTob3u6rxO9Gg5Z, 1970-01-13 07:39:49, 1970-01-16 18:23:00
587, aGpWTGVO0Y0GYR8lNooW, 1970-01-12 20:08:44, 1970-01-12 23:52:31
588, DqxAb9ikYOXfztJ10VGQ, 1970-01-17 19:53:56, 1970-01-18 07:32:50
589, UZhGlULxQxYTQrPQeBEA, 1970-01-03 03:09:12, 1970-01-09 16:04:46
590, v9mIcBddPEg5cX0K9b23, 1970-01-09 22:47:48, 1970-01-11 20:33:41
591, RjCG5OawR8Y3yNcz8mEa, 1970-01-17 05:52:34, 1970-01-17 22:26:38
592, KttegmbiF0Lpn8lq411Q, 1970-01-04 16:26:08, 1970-01-10 06:55:24
593, m24duP4k6lS8Ip6XODet, 1970-01-06 09:18:40, 1970-01-07 09:45:42
594, gtoJKqlV1X9kGt7R8kVt, 1970-01-12 18:08:11, 1970-01-14 05:31:16
595, MHhBOEP91U5SLMIB3doJ, 1970-01-02 12:35:37, 1970-01-05 17:44:37
596, ih0k5INcBZ0zODPj347K, 1970-01-05 22:42:22, 1970-01-13 10:58:38
597, lfnuS1YH6dT91FGZi2RX, 1970-01-08 21:06:33, 1970-01-18 03:02:28
598, PAIqdjHv1st968LZBnBD, 1970-01-13 16:06:23, 1970-01-15 22:01:30
599, CWwHVAGss6ocTzaE9rHm, 1970-01-16 04:07:40, 1970-01-17 17:14:09
600, RIK7wNK4CnsfKNZKBMG2, 1970-01-18 05:55:52, 1970-01-18 06:24:25
601, YzqaW8WMzZ0W8G2HXtgc, 1970-01-11 05:24:49, 1970-01-13 00:47:56
602, 88KNIparmv2debl7jm7I, 1970-01-05 09:58:44, 1970-01-09 05:54:17
603, UMvcFgejlUQlfGYvLUwy, 1970-01-17 19:04:26, 1970-01-18 05:38:48
604, y1JXcUT041Y0dWZYYr8d, 1970-01-17 22:30:01, 1970-01-18 05:39:13
605, Za1aRMKgQ3bBsulysa1J, 1970-01-17 09:29:33, 1970-01-18 04:41:51
606, CsGGNjM93PPKgxsL5e46, 1970-01-15 21:32:36, 1970-01-16 22:03:44
607, ibYeJLJDRjXKtPOxZRPi, 1970-01-17 23:06:31, 1970-01-17 23:30:29
608, M4Ivx1ibu6sxXq8UWYPI, 1970-01-02 10:21:02, 1970-01-14 16:20:57
609, G31GIRwNjveBUsrzc2ZT, 1970-01-04 11:40:02, 1970-01-17 03:25:41
610, ZtUbqzYjehyKoqbloutW, 1970-01-07 21:02:40, 1970-01-12 19:56:20
611, T6YNE0hc4GbAUPB9Fttz, 1970-01-08 01:11:47, 1970-01-18 04:29:12
612, nCP0q8wgFT0c78pksXxZ, 1970-01-10 16:09:36, 1970-01-12 15:49:22
613, xaGlPZ2BgGXJ2uMcSk6u, 1970-01-04 11:14:42, 1970-01-08 14:07:48
614, qkOlV6aSI1IkdgjpmKHj, 1970-01-07 09:47:27, 1970-01-13 06:02:26
615, GgXI313XdQHcjuKV5u0y, 1970-01-09 05:18:57, 1970-01-13 02:53:14
616, HufA2qlt6Bncx2UVzQxj, 1970-01-04 17:06:59, 1970-01-05 06:55:23
617, GcxGKAC1jVldybjEkTjk, 1970-01-17 17:28:19, 1970-01-17 17:34:47
618, 9RVs3j1rtO0O1pXG0RZ9, 1970-01-06 07:39:38, 1970-01-11 01:10:15
619, 4GmeYyNjTuUrr97nnAdj, 1970-01-08 06:29:52, 1970-01-12 11:21:55
620, B4MZg6NqDvvyGrAEoOOI, 1970-01-05 08:48:07, 1970-01-07 19:06:25
621, HnS50FyxpasvKEh65836, 1970-01-04 01:46:33, 1970-01-04 18:08:58
622, e8P2GRDiEnhprP4aOHMk, 1970-01-03 23:45:14, 1970-01-12 11:29:48
623, fPbXBa454xTvfTcheol4, 1970-01-04 05:40:03, 1970-01-12 05:00:10
624, rjr0pGE0eKrlquLjH5UH, 1970-01-05 10:20:04, 1970-01-13 14:12:24
625, dWBs0ytsDqiOl4pA0QbP, 1970-01-05 01:59:09, 1970-01-08 19:07:30
626, KfkHvcCujezkWmrLjFJD, 1970-01-09 21:30:26, 1970-01-16 01:58:19
627, 7iLf8OOmecdeN9wg61YI, 1970-01-05 08:42:55, 1970-01-09 04:02:28
628, m2dwFNjz3MN7PJhoVhyL, 1970-01-08 11:47:34, 1970-01-13 20:11:23
629, xjl4C4CmOXMbs0kT3ZBd, 1970-01-15 23:38:47, 1970-01-17 15:44:13
630, NIbVyDkkLeInP8R0UAJH, 1970-01-05 09:16:27, 1970-01-16 05:28:05
631, 1oua29Sbx12Byf1IIakB, 1970-01-08 07:33:28, 1970-01-10 21:30:56
632, eLHaqZIduynPfwa8v7oI, 1970-01-07 06:57:12, 1970-01-17 01:49:27
633, jI092QaJyDcpqOgg5unw, 1970-01-08 13:18:48, 1970-01-18 07:23:33
634, ufBCXlA5d9OONx7yOmpJ, 1970-01-15 22:15:09, 1970-01-17 09:58:00
635, HQNufFgPdAED17yuykP2, 1970-01-06 19:16:30, 1970-01-08 05:33:23
636, Yyn1D5mQiJNBwx9D9QmR, 1970-01-18 02:36:17, 1970-01-18 04:12:34
637, z8FrsXSvTHty6BO51EFF, 1970-01-04 20:35:15, 1970-01-16 20:11:45
638, 7vXr7NIC2A2CfC7qz6i6, 1970-01-03 09:54:14, 1970-01-13 14:04:07
639, Nib944CdXbsD1yfyVK9N, 1970-01-07 20:48:25, 1970-01-08 15:36:59
640, IDayAyGQdb61Ac6xpaFh, 1970-01-09 00:55:14, 1970-01-12 08:37:32
641, bypeqc0rlytGma0xM4dF, 1970-01-17 20:19:12, 1970-01-18 07:35:00
642, JL0ptjNjBPRLkZYXLrIP, 1970-01-10 16:51:14, 1970-01-16 12:45:51
643, NaiHfOzPq8le6zu3pb44, 1970-01-02 21:10:21, 1970-01-17 17:29:47
644, jTJOEpiNSpw8Yll21Eb5, 1970-01-16 17:13:01, 1970-01-16 23:04:40
645, s5sQWZra03QSrinMHzMx, 1970-01-17 09:13:20, 1970-01-17 20:48:07
646, ZQbxKxZLVFJMkpbnDp2B, 1970-01-13 21:39:48, 1970-01-17 19:52:41
647, Gg9F9j3k8U1PnH7oHS5w, 1970-01-17 15:54:10, 1970-01-18 00:42:33
648, qIuLD9kr558dAjjFPFNU, 1970-01-09 18:47:56, 1970-01-18 07:25:27
649, ZWe6zJhTf0NdlyUEJrAN, 1970-01-11 08:49:04, 1970-01-14 13:25:20
650, HGqU6Yu4DsUmfJwv7i9u, 1970-01-16 10:06:13, 1970-01-16 12:06:24
651, zhmAagjEKFCw0AymhoS7, 1970-01-02 23:44:07, 1970-01-17 20:49:02
652, nCwvd2sSyjwTgFtgbbEd, 1970-01-13 16:38:06, 1970-01-18 03:30:27
653, NHnzJ1zAeoD0LZMB2aLF, 1970-01-09 23:07:39, 1970-01-18 07:15:59
654, D1HOy2nmcsAMjSzxpvJy, 1970-01-13 19:51:21, 1970-01-13 23:36:28
655, WlZi74lURd9gEXMePVEv, 1970-01-02 23:51:13, 1970-01-07 05:55:32
656, A9wVvetyGCXCJcJxsGHk, 1970-01-09 18:49:00, 1970-01-17 17:31:05
657, k5qvoURBuoctmcjDmqvD, 1970-01-02 23:56:44, 1970-01-12 01:47:51
658, DXBfXyKqP3ZlGaGHJOrq, 1970-01-06 05:56:34, 1970-01-15 03:56:58
659, QWYXYZhqnqEfUHpfJhuR, 1970-01-09 07:32:31, 1970-01-10 04:23:23
660, LYiydNvgqeVBacyu0WVE, 1970-01-12 05:09:47, 1970-01-18 03:28:08
661, Bs44tOIQoF9iCvv2mqim, 1970-01-12 03:00:35, 1970-01-14 22:57:57
662, VEjT5acHLS0BaakqYGV0, 1970-01-08 14:13:07, 1970-01-12 02:28:38
663, IZAM8q8QhXMLZk6HHG3h, 1970-01-06 06:32:47, 1970-01-16 10:26:59
664, evmoj5Fii2DUKE9wAfHH, 1970-01-08 16:54:01, 1970-01-16 06:44:12
665, ffBlGjRNjzhEN2wmjrHH, 1970-01-05 21:50:43, 1970-01-13 08:33:34
666, 8LXQsNUodE1GSYMMhY0z, 1970-01-14 10:00:26, 1970-01-16 07:05:00
667, DcMdPRYjgKu3eXcY7S91, 1970-01-11 03:22:20, 1970-01-15 23:39:38
668, DCLsw7nwpEubZTyqh46n, 1970-01-16 20:49:04, 1970-01-17 09:17:42
669, jtZxZYncRkBxuc4EmDYq, 1970-01-03 04:17:41, 1970-01-11 06:40:40
670, rDNGg3NLtn3VKbmBH9T7, 1970-01-05 05:07:26, 1970-01-14 03:34:00
671, UT0A6DP0GXc7GIPyYs8B, 1970-01-12 19:48:15, 1970-01-15 09:20:03
672, HaW2R2jKVoELs1fQLgph, 1970-01-06 22:40:22, 1970-01-17 10:32:58
673, c1xG1dLTm3k5lWJwySdi, 1970-01-14 07:05:46, 1970-01-14 13:32:48
674, PRen6vQ8K3fSZwI124Ms, 1970-01-11 16:18:35, 1970-01-15 21:03:30
675, 5QKFYut4LegFvnxHPVCE, 1970-01-16 00:47:04, 1970-01-17 21:32:45
676, 1SxbHJ4dXAmXbpeJQbsB, 1970-01-13 07:52:36, 1970-01-13 08:19:41
677, H50l0uqvb8sBUCh9BWF9, 1970-01-09 01:08:07, 1970-01-16 07:48:49
678, zAkCu3wOZejeQiP7gtQT, 1970-01-11 13:05:37, 1970-01-14 08:23:34
679, K0ZEul2kLVNEZp49SBym, 1970-01-12 17:41:42, 1970-01-16 22:34:20
680, Qw6YefI50FIapAVKmTwo, 1970-01-14 09:08:23, 1970-01-16 20:27:29
681, U9UvQ3MCkvklsSuhuDGw, 1970-01-04 14:19:46, 1970-01-12 09:06:18
682, PZhjqUKxvFdEVt9E91vP, 1970-01-13 14:08:28, 1970-01-15 07:36:09
683, rG7mfR9nMQNtQDVmB2tC, 1970-01-17 12:46:00, 1970-01-18 03:49:16
684, 2HYMHNm2bvcKmSulXq7l, 1970-01-15 19:52:06, 1970-01-15 22:06:03
685, 1A0EAooQbR8aS4NJicWO, 1970-01-08 02:06:01, 1970-01-14 21:44:45
686, Qy9XJ6VmUewUTLVJnlfN, 1970-01-11 12:56:07, 1970-01-17 12:50:57
687, UHzY9xkKMrymzj0R3YSu, 1970-01-10 21:38:34, 1970-01-11 17:16:14
688, kEXboHkrA8JHm8bFf0Xt, 1970-01-08 00:53:54, 1970-01-12 10:19:00
689, qidL3qsNaJUsWKVNKH8z, 1970-01-16 02:11:33, 1970-01-16 17:15:58
690, xOcGt9LAjvRclrkPe0xx, 1970-01-05 23:24:45, 1970-01-06 19:37:47
691, Wv2VuDHM4s2R9bamzslm, 1970-01-15 17:18:07, 1970-01-16 04:45:18
692, LZ75pKf8413lv7gYatyK, 1970-01-18 04:33:51, 1970-01-18 04:34:03
693, hkCdgY8P9ZNASRa2BIFA, 1970-01-12 09:18:50, 1970-01-17 04:30:59
694, wTS8dw9mK4ao4f9lRihw, 1970-01-05 16:43:53, 1970-01-15 23:33:54
695, MYTZhPeagbERDwj5KMU7, 1970-01-16 17:56:01, 1970-01-16 21:34:47
696, 4JebhFzgN4du4VPYaaFf, 1970-01-05 08:43:18, 1970-01-14 21:04:06
697, fgj1rEJo1cZ7oc68BBeF, 1970-01-15 20:38:57, 1970-01-18 00:00:46
698, RtbMc5NAj2Ryd1ZZWFLq, 1970-01-13 10:54:41, 1970-01-15 04:15:56
699, BZnbq5kQENctiipd7yvs, 1970-01-02 17:15:06, 1970-01-10 17:07:10
700, kAcHJhGxgfmke7Pk9Nrq, 1970-01-08 23:30:41, 1970-01-17 02:15:30
701, fHJYB0fDfWghx42ncMF5, 1970-01-02 10:42:35, 1970-01-02 13:36:23
702, 4gcQuiYhwmeSGfipZSvN, 1970-01-16 07:50:17, 1970-01-17 17:20:57
703, eY1Izu4IkGC8JOJmvahG, 1970-01-03 20:10:06, 1970-01-15 06:02:33
704, qM3337zfBYLMOl7qSSr0, 1970-01-10 08:19:23, 1970-01-15 12:56:47
705, 89QfGBUf70YAznumtCGW, 1970-01-11 04:33:13, 1970-01-12 05:19:02
706, 1uh1mp4nGkIDzp4Xhpjm, 1970-01-07 17:35:37, 1970-01-13 09:16:24
707, eD3cL1ZrCl1gCDuSNH2b, 1970-01-12 14:23:15, 1970-01-14 09:41:40
708, KuDrxmdUNTU75aq4kN9G, 1970-01-06 07:55:09, 1970-01-07 03:26:48
709, xedbeA3uoNpXXRUx9V5d, 1970-01-04 07:20:46, 1970-01-04 11:28:52
710, vIlwAoJItFxrN7MBCZtQ, 1970-01-12 11:16:40, 1970-01-15 01:24:40
711, lLVdGXqqBnw0aZuvsO9h, 1970-01-09 11:00:55, 1970-01-09 20:58:51
712, GEjhGsfo31B5YW3WsSOm, 1970-01-11 13:33:49, 1970-01-12 05:19:55
713, IzbTT85q7EDm79LsP5ii, 1970-01-04 20:17:26, 1970-01-06 08:09:55
714, XGqkQEaankjjZIzAAJGZ, 1970-01-07 01:40:20, 1970-01-08 08:07:19
715, b2wiDdTpBS6Qm3CTCax3, 1970-01-13 21:50:18, 1970-01-16 22:40:25
716, Mhbs2hZrAxhi9v1eAIQO, 1970-01-03 21:04:09, 1970-01-05 23:57:38
717, 718f2MMg3UDbC2ODWZhX, 1970-01-14 02:37:08, 1970-01-16 03:29:20
718, RFUZY5QPuRRDNMN50PrI, 1970-01-06 19:33:00, 1970-01-09 06:19:07
719, 6cYsHLcCyFXPfWtZihg9, 1970-01-06 22:54:45, 1970-01-17 16:13:16
720, KaAXTa4oGWImEQTImFQK, 1970-01-03 09:51:23, 1970-01-17 12:56:38
721, LH34vqVtgyTulqmN2gXm, 1970-01-14 07:51:50, 1970-01-17 14:24:19
722, 7nyNVPsYoiaxiJlMJ42x, 1970-01-07 08:26:15, 1970-01-15 09:14:57
723, MpiaE3jyZXmY1qkD7KR5, 1970-01-17 01:55:37, 1970-01-17 11:21:41
724, LEYIeFStZMvgW3CtEZBD, 1970-01-03 09:40:26, 1970-01-08 00:47:56
725, tynGWzBIXPJu0BUX0V1P, 1970-01-03 01:47:58, 1970-01-10 13:57:32
726, QDOW1yiyDBuNeEGrbZuA, 1970-01-11 04:28:44, 1970-01-15 20:56:46
727, Ov9jD5rFv4PTuBg4d0BB, 1970-01-04 01:15:57, 1970-01-13 14:26:05
728, IFl7529HxuLhqAG8ALkD, 1970-01-11 09:32:10, 1970-01-12 23:06:46
729, GfRp99I9Kor2HkR5OVR5, 1970-01-15 23:16:54, 1970-01-18 01:14:50
730, BN82F3ksCnIq6x6KR1c8, 1970-01-04 09:18:56, 1970-01-10 10:54:53
731, SsxwFS8QcT80rcouLT8R, 1970-01-06 22:56:07, 1970-01-15 11:15:04
732, TII1Aszn5sMLMGLSS1zN, 1970-01-13 13:07:33, 1970-01-14 06:31:06
733, QZBM7lQuWBiDU6F9AgdU, 1970-01-15 06:05:51, 1970-01-16 18:24:32
734, ojdgZSQSgeEb2B2IKtaM, 1970-01-06 19:13:51, 1970-01-13 14:26:50
735, RnhNGu5O3s0bgLPnriVI, 1970-01-07 18:33:38, 1970-01-12 10:38:31
736, 2Zul0LVlnagDGJ3X4Lsa, 1970-01-03 05:50:39, 1970-01-11 21:57:40
737, mZVOdMrpEY7iLt5TUgU6, 1970-01-17 16:54:33, 1970-01-18 03:34:06
738, 8tpmdA3Pzm1jtw2ax02I, 1970-01-12 04:01:24, 1970-01-14 06:33:50
739, AYDCoRa08kqBSbDtnLyn, 1970-01-09 18:58:28, 1970-01-15 15:16:51
740, irQDNPmHxfEk3sBT3EnP, 1970-01-07 17:24:45, 1970-01-16 10:52:36
741, FOjXCWUA96duOJR0LWYL, 1970-01-09 22:25:48, 1970-01-10 13:43:30
742, rSy3SF0WdivNxKX9L6IK, 1970-01-08 03:59:07, 1970-01-10 23:02:31
743, Vk8KR9I1So6b6fxNFosl, 1970-01-04 16:46:00, 1970-01-15 22:38:31
744, m9WfJGOrdNmytASXOpv6, 1970-01-05 23:19:45, 1970-01-15 22:20:38
745, MAuzre0LZ5dWBVi07yAM, 1970-01-04 16:22:59, 1970-01-05 20:05:12
746, bG1wO04vcbo2DCIayTCB, 1970-01-14 11:33:38, 1970-01-17 00:19:07
747, TTm64dfeIMAnHvohbdpc, 1970-01-11 10:24:31, 1970-01-14 00:12:50
748, Ru0u8b8FFVOigsgCmW6s, 1970-01-03 22:22:39, 1970-01-14 01:50:07
749, dyRNSAJrbMe4ogaEFkad, 1970-01-11 16:54:33, 1970-01-14 04:35:34
750, 0x4WpP6pBVzRBhc9pKsr, 1970-01-16 09:52:44, 1970-01-17 22:28:24
751, ckXJLwoDC7E9u99C9RzZ, 1970-01-03 04:59:11, 1970-01-14 22:31:56
752, NgcAIrHfivZvLvmti65N, 1970-01-06 06:33:33, 1970-01-15 01:29:30
753, A93OnQjrKfgGUkC7xhNU, 1970-01-03 09:50:09, 1970-01-11 01:59:33
754, on1kCpFo4F1T6nFbipJF, 1970-01-18 00:49:02, 1970-01-18 06:05:36
755, FpVjYiiydEeGMywWZnIR, 1970-01-09 22:50:42, 1970-01-12 13:39:51
756, tJlZeWohXhxqemKRwMXd, 1970-01-08 12:14:03, 1970-01-15 01:41:38
757, agnosvPedOKEx1bXMRQX, 1970-01-10 15:15:57, 1970-01-12 10:06:02
758, O8SFMQOaswEgnFrQNONh, 1970-01-12 21:00:11, 1970-01-14 17:40:11
759, Puwu8EpdwY32zrRTe2wk, 1970-01-04 19:53:33, 1970-01-16 07:40:14
760, jqqIqgxgY1RW46DpwrvM, 1970-01-17 17:06:00, 1970-01-18 00:05:21
761, 3oWbrRlWjaD2REVKOtHh, 1970-01-09 02:38:10, 1970-01-10 07:11:20
762, DAWLpfVWmJt5id4QDZcq, 1970-01-03 12:03:06, 1970-01-15 14:21:30
763, Y75lK3urz012TjORy3t3, 1970-01-15 04:47:14, 1970-01-15 10:03:43
764, r2rwOeZyLhE0rDNCQh3g, 1970-01-08 08:22:33, 1970-01-08 10:59:50
765, iUheL3OWLZVQSW3N9PrG, 1970-01-13 08:47:33, 1970-01-15 18:50:48
766, V9jXSKEOCMlj61M9pcRL, 1970-01-13 12:38:22, 1970-01-17 04:50:17
767, tNWsPRszXcqUR9oQaWTf, 1970-01-16 15:22:14, 1970-01-17 09:16:23
768, Ej5HYt4GGtCEgFtrrZI6, 1970-01-10 00:56:42, 1970-01-17 15:13:07
769, uR95EEOs8FpVuY83Lexn, 1970-01-18 01:53:05, 1970-01-18 07:27:50
770, qiuSW2Kxt9igF1OuNwrp, 1970-01-12 09:35:29, 1970-01-15 19:18:52
771, VlCovBUEO2kSW3f64uMy, 1970-01-12 21:55:33, 1970-01-18 06:33:24
772, FIySLEjMMWkZToKaTwiY, 1970-01-11 10:32:49, 1970-01-12 09:10:54
773, y0M6dPOH0vJdFsurAp2h, 1970-01-14 02:03:45, 1970-01-17 16:33:21
774, zj51URis8XunYyoFEIcy, 1970-01-02 14:34:20, 1970-01-08 14:13:17
775, qs5PhesP19589h2JLGTE, 1970-01-12 16:33:45, 1970-01-17 21:47:55
776, Bkj4hpDkOmml6b6BqL4N, 1970-01-15 02:50:20, 1970-01-15 08:33:10
777, XWp07U7EKUvsFLYv2iul, 1970-01-11 03:10:51, 1970-01-15 16:18:31
778, L3WKiAZ3pI9r2Ckkd7hm, 1970-01-09 16:47:25, 1970-01-14 10:00:34
779, 1ctHXwyNnjOpBYmzTp5b, 1970-01-07 04:16:15, 1970-01-15 22:20:35
780, nlquHe2iTDWIFpmoaIOD, 1970-01-10 12:35:42, 1970-01-11 13:31:46
781, ZnTzF4OTQMzriCGZnbVl, 1970-01-05 23:31:10, 1970-01-17 12:03:37
782, bZjkBV3YEORdcI4jcwNN, 1970-01-06 05:54:09, 1970-01-16 05:07:37
783, JQXasJrLV6LYfAx37ztQ, 1970-01-17 10:46:40, 1970-01-17 11:48:18
784, 5U9Hhy06XXa8Zc6TCchO, 1970-01-12 20:16:08, 1970-01-17 14:14:44
785, ijmtScwgPLLVeNJilgJT, 1970-01-09 07:06:40, 1970-01-15 21:28:30
786, 5FiHEH7t6N4omQ5wduMq, 1970-01-06 18:37:49, 1970-01-13 07:44:41
787, uoOt7fpBlebMePhkflVZ, 1970-01-08 12:52:48, 1970-01-16 14:17:37
788, gR8iMdTk0dxVkxCLcG1g, 1970-01-14 19:39:21, 1970-01-17 20:16:13
