id,identification,quantity,cost,price,profit,wage,description
1,RB11B110,20,6400,7100,700,14000,Bich_noi_ong_phun_PPR_DN_110_PN20
2,RB12B125,10,7800,8600,15000,150000,Bich_noi_ong_phun_PPR_DN_125_PN20
3,RB144016,10,7900,8700,5000,50000,Bich_noi_ong_phun_PPR_DN_140_PN16
4,RB50RB50,60,3800,4200,15000,900000,Bich_noi_ong_phun_PPR_DN_50_PN20
5,RB63RB63,50,5400,6000,15000,750000,Bich_noi_ong_phun_PPR_DN_63_PN20
6,RB75RB75,50,9700,10700,45000,2250000,Bich_noi_ong_phun_PPR_DN_75_PN20
7,RB90RB90,30,2100,2400,35000,1050000,Bich_noi_ong_phun_PPR_DN_90_PN20
8,RDB1B110,20,5800,6400,25000,500000,Dau_bit_phun_PPR_DN_110_PN20
9,RDB2DB20,600,4800,5300,55000,33000000,Dau_bit_phun_PPR_DN_20_PN20
10,RDB2DB25,360,4300,4800,25000,9000000,Dau_bit_phun_PPR_DN_25_PN20
11,RDB3DB32,400,4900,5400,35000,14000000,Dau_bit_phun_PPR_DN_32_PN20
12,RDB4DB40,300,1900,2100,45000,13500000,Dau_bit_phun_PPR_DN_40_PN20
13,RDB5DB50,120,3600,4000,35000,4200000,Dau_bit_phun_PPR_DN_50_PN20
14,RDB6DB63,100,3000,3300,45000,4500000,Dau_bit_phun_PPR_DN_63_PN20
15,RDB7DB75,50,5300,5900,35000,1750000,Dau_bit_phun_PPR_DN_75_PN20
16,RDB9DB90,30,1600,1800,45000,1350000,Dau_bit_phun_PPR_DN_90_PN20
17,RDKT1050,100,7300,8100,15000,1500000,Dai_khoi_thuy_han_cam_phun_PPR_DN110-50_PN20
18,RDKT4020,400,6900,7600,45000,18000000,Dai_khoi_thuy_han_cam_phun_PPR_DN_40-20_PN20
19,RDKT5020,400,6700,7400,5000,2000000,Dai_khoi_thuy_han_cam_phun_PPR_DN_50_-20_PN20
20,RDKT5025,320,6500,7200,45000,14400000,Dai_khoi_thuy_han_cam_phun_PPR_DN_50-25_PN20
21,RDKT6320,400,4500,5000,25000,10000000,Dai_khoi_thuy_han_cam_phun_PPR_DN_63_-20_PN20
22,RDKT6325,320,4800,5300,25000,8000000,Dai_khoi_thuy_han_cam_phun_PPR_DN_63-25_PN20
23,RDKT6332,300,7200,8000,25000,7500000,Dai_khoi_thuy_han_cam_phun_PPR_DN_63-32_PN20
24,RDKT7525,300,5000,5500,15000,4500000,Dai_khoi_thuy_han_cam_phun_PPR_DN_75_-25_PN20
25,RDKT7532,300,3400,3800,25000,7500000,Dai_khoi_thuy_han_cam_phun_PPR_DN_75-32_PN20
26,RDKT7540,180,7700,8500,45000,8100000,Dai_khoi_thuy_han_cam_phun_PPR_DN_75_-40_PN20
27,RDKT9020,400,4200,4700,45000,18000000,Dai_khoi_thuy_han_cam_phun_PPR_DN_90-20_PN20
28,RDKT9025,300,5800,6400,45000,13500000,Dai_khoi_thuy_han_cam_phun_PPR_DN_90_-25_PN20
29,RDKT9040,180,7300,8100,15000,2700000,Dai_khoi_thuy_han_cam_phun_PPR_DN_90_-40_PN20
30,ROT2OT20,210,2700,3000,55000,11550000,ong_tranh_PPR_DN_20_PN20
31,ROT2OT25,120,3600,4000,55000,6600000,ong_tranh_PPR_DN_25_PN20
32,RV20RV20,60,250000,275000,5000,300000,Van_chan_phun_PPR_DN_20
33,RV25RV25,60,450000,495000,45000,2700000,Van_chan_phun_PPR_DN_25
34,RV32RV32,36,450000,495000,5000,180000,Van_chan_phun_PPR_DN_32
35,RV40RV40,20,500000,550000,5000,100000,Van_chan_phun_PPR_DN_40
36,RV50RV50,20,160000,176000,45000,900000,Van_chan_phun_PPR_DN_50
37,RVC2VC20,60,240000,264000,35000,2100000,Van_cua_phun_PPR_DN_20
38,RVC2VC25,40,150000,165000,15000,600000,Van_cua_phun_PPR_DN_25
39,RVC3VC32,30,370000,407000,15000,450000,Van_cua_phun_PPR_DN_32
40,RVC4VC40,12,320000,352000,35000,420000,Van_cua_phun_PPR_DN_40
41,RVC5VC50,12,210000,231000,25000,300000,Van_cua_phun_PPR_DN_50
42,RVC6VC63,8,190000,209000,55000,440000,Van_cua_phun_PPR_DN_63
43,RZC22010,100,4000,4400,55000,5500000,Zac_co_phun_PPR_DN_20_PN10
44,RZC22510,150,9000,9900,45000,6750000,Zac_co_phun_PPR_DN_25_PN10
45,RZC33210,60,8800,9700,25000,1500000,Zac_co_phun_PPR_DN_32_PN10
46,RZC4C408,40,2800,3100,45000,1800000,Zac_co_phun_PPR_DN_40_PN8
47,RZC5C506,30,2400,2700,5000,150000,Zac_co_phun_PPR_DN_50_PN6
48,RZC6C636,18,6700,7400,15000,270000,Zac_co_phun_PPR_DN_63_PN6
49,RZRNRN20,90,6500,7200,15000,1350000,-1/2_Zacco_ren_ngoai_phun_PPR_DN_20PN20
50,RZRNRN25,30,4500,5000,15000,450000,-3/4_Zacco_ren_ngoai_phun_PPR_DN_25PN20
51,RZRNRN32,30,2900,3200,55000,1650000,Zacco_ren_ngoai_phun_PPR_DN_32-1PN20
52,RZRNRN40,24,8400,9300,5000,120000,Zacco_ren_ngoai_phun_PPR_DN_40-1.1/4PN20
53,RZRNRN50,12,6900,7600,15000,180000,-1.1/2_Zacco_ren_ngoai_phun_PPR_DN_50PN20
54,RZRNRN63,12,6400,7100,55000,660000,Zacco_ren_ngoai_phun_PPR_DN_63-2PN20
55,RZRTRT20,90,3000,3300,15000,1350000,Zacco_ren_trong_phun_PPR_DN_20-1/2PN20
56,RZRTRT25,30,7100,7900,15000,450000,Zacco_ren_trong_phun_PPR_DN_25-3/4PN20
57,RZRTRT32,30,9500,10500,35000,1050000,-1_Zacco_ren_trong_phun_PPR_DN_32PN20
58,RZRTRT40,24,1300,1500,25000,600000,-1.1/4_Zacco_ren_trong_phun_PPR_DN_40PN20
59,RZRTRT50,12,5900,6500,35000,420000,Zacco_ren_trong_phun_PPR_DN_50-1.1/2PN20
60,RZRTRT63,12,6000,6600,45000,540000,Z_acco_ren_trong_phun_PPR_DN_63_-2PN20
61,RL11L110,7,10000,11000,5000,35000,Noi_goc_90do_phun_PPR_DN_110_PN20
62,RL20RL20,280,2900,3200,55000,15400000,Noi_goc_90do_phun_PPR_DN_20_PN20
63,RL25RL25,320,2800,3100,55000,17600000,Noi_goc_90do_phun_PPR_DN_25_PN20
64,RL32RL32,160,2100,2400,15000,2400000,Noi_goc_90do_phun_PPR_DN_32_PN20
65,RL40RL40,80,2300,2600,45000,3600000,Noi_goc_90do_phun_PPR_DN_40_PN20
66,RL50RL50,48,8200,9100,15000,720000,Noi_goc_90do_phun_PPR_DN_50_PN20
67,RL63RL63,35,2700,3000,55000,1925000,Noi_goc_90do_phun_PPR_DN_63_PN20
68,RL75RL75,25,8800,9700,25000,625000,Noi_goc_90do_phun_PPR_DN_75_PN20
69,RL90RL90,15,6600,7300,15000,225000,Noi_goc_90do_phun_PPR_DN_90_PN20
70,RLKR51/2,25,7800,8600,15000,375000,"Noi_goc_90do_kep_ren_trong_PPR_DN_25_-1/2""_PN20"
71,RLRNRN20,120,6400,7100,55000,6600000,"Noi_goc_ren_ngoai_phun_PPR_DN_20-1/2""PN20"
72,RLRNRN25,80,2200,2500,35000,2800000,"Noi_goc_ren_ngoai_phun_PPR_DN_25-3/4""PN20"
73,RLRN51/2,80,3200,3600,35000,2800000,"-1/2""_Noi_goc_ren_ngoai_phun_PPR_DN_25PN20"
74,RLRNRN32,40,9000,9900,45000,1800000,"Noi_goc_ren_ngoai_phun_PPR_DN_32-1""PN20"
75,RLRTRT20,150,1300,1500,55000,8250000,"-1/2""_Noi_goc_ren_trong_phun_PPR_DN_20PN20"
76,RLRTRT25,100,9100,10100,35000,3500000,"Noi_goc_ren_trong_phun_PPR_DN_25-3/4""PN20"
77,RLRT51/2,100,7100,7900,5000,500000,"-1/2""_Noi_goc_ren_trong_phun_PPR_DN_25PN20"
78,RLRTRT32,40,4000,4400,35000,1400000,-1''_Noi_goc_ren_trong_phun_PPR_DN_32PN20
79,RLL1L110,10,9200,10200,45000,450000,Noi_goc_45do_phun_PPR_DN_110_PN20
80,RLL2LL20,300,3600,4000,35000,10500000,Noi_goc_45do_phun_PPR_DN_20_PN20
81,RLL2LL25,400,8000,8800,15000,6000000,Noi_goc_45do_phun_PPR_DN_25_PN20
82,RLL3LL32,240,6200,6900,35000,8400000,Noi_goc_45do_phun_PPR_DN_32_PN20
83,RLL4LL40,90,4100,4600,55000,4950000,Noi_goc_45do_phun_PPR_DN_40_PN20
84,RLL5LL50,60,7200,8000,25000,1500000,Noi_goc_45do_phun_PPR_DN_50_PN20
85,RLL6LL63,50,7200,8000,15000,750000,Noi_goc_45do_phun_PPR_DN_63_PN20
86,RLL7LL75,30,4000,4400,15000,450000,Noi_goc_45do_phun_PPR_DN_75_PN20
87,RLL9LL90,20,3700,4100,55000,1100000,Noi_goc_45do_phun_PPR_DN_90_PN20
88,RN11N110,18,6000,6600,35000,630000,Noi_thang_phun_PPR_DN_110_PN20
89,RN20RN20,400,3000,3300,35000,14000000,Noi_thang_phun_PPR_DN_20_PN20
90,RN25RN25,480,3900,4300,35000,16800000,Noi_thang_phun_PPR_DN_25_PN20
91,RN32RN32,280,6200,6900,25000,7000000,Noi_thang_phun_PPR_DN_32_PN20
92,RN40RN40,160,5000,5500,55000,8800000,Noi_thang_phun_PPR_DN_40_PN20
93,RN50RN50,90,3100,3500,5000,450000,Noi_thang_phun_PPR_DN_50_PN20
94,RN63RN63,70,3900,4300,45000,3150000,Noi_thang_phun_PPR_DN_63_PN20
95,RN75RN75,40,9600,10600,15000,600000,Noi_thang_phun_PPR_DN_75_PN20
96,RN90RN90,28,7600,8400,15000,420000,Noi_thang_phun_PPR_DN_90_PN20
97,RNC11050,16,8600,9500,35000,560000,Noi_thang_CB_phun_PPR_DN_110-50PN20
98,RNC11063,20,1000,1100,45000,900000,Noi_thang_CB_phun_PPR_DN_110-63PN20
99,RNC11075,20,6600,7300,35000,700000,Noi_thang_CB_phun_PPR_DN_110-75PN20
100,RNC11090,20,1500,1700,35000,700000,Noi_thang_CB_phun_PPR_DN_110-90PN20
101,RNC22520,280,2800,3100,5000,1400000,Noi_thang_CB_phun_PPR_DN_25-20_PN20
102,RNC33220,360,1800,2000,25000,9000000,Noi_thang_CB_phun_PPR_DN_32-20_PN20
103,RNC33225,300,3000,3300,45000,13500000,Noi_thang_CB_phun_PPR_DN_32_-25_PN20
104,RNC44020,200,5000,5500,45000,9000000,Noi_thang_CB_phun_PPR_DN_40_-20_PN20
105,RNC44025,200,4900,5400,45000,9000000,Noi_thang_CB_phun_PPR_DN_40-25_PN20
106,RNC44032,180,8200,9100,25000,4500000,Noi_thang_CB_phun_PPR_DN_40_-32_PN20
107,RNC55020,120,7400,8200,25000,3000000,Noi_thang_CB_phun_PPR_DN_50_-20_PN20
108,RNC55025,120,9400,10400,45000,5400000,Noi_thang_CB_phun_PPR_DN_50-25_PN20
109,RNC55032,120,8300,9200,25000,3000000,Noi_thang_CB_phun_PPR_DN_50_-32_PN20
110,RNC55040,100,5800,6400,25000,2500000,Noi_thang_CB_phun_PPR_DN_50_-40_PN20
111,RNC66325,100,1000,1100,45000,4500000,Noi_thang_CB_phun_PPR_DN_63-25_PN20
112,RNC66332,100,2100,2400,35000,3500000,Noi_thang_CB_phun_PPR_DN_63-32_PN20
113,RNC66340,80,9700,10700,15000,1200000,Noi_thang_CB_phun_PPR_DN_63_-40_PN20
114,RNC66350,70,5500,6100,35000,2450000,Noi_thang_CB_phun_PPR_DN_63_-50_PN20
115,RNC77532,60,3500,3900,15000,900000,Noi_thang_CB_phun_PPR_DK_75-32_PN20
116,RNC77540,60,5700,6300,15000,900000,Noi_thang_CB_phun_PPR_DN_75-40_PN20
117,RNC77550,60,9300,10300,35000,2100000,Noi_thang_CB_phun_PPR_DN_75-50_PN20
118,RNC77563,60,3700,4100,35000,2100000,Noi_thang_CB_phun_PPR_DN_75_-63_PN20
119,RNC99050,40,5200,5800,55000,2200000,Noi_thang_CB_phun_PPR_DK_90-50_PN20
120,RNC99063,30,4200,4700,25000,750000,Noi_thang_CB_phun_PPR_DN_90-63_PN20
121,RNC99075,30,8400,9300,5000,150000,Noi_thang_CB_phun_PPR_DN_90_-75_PN20
122,RNRNN110,4,10000,11000,45000,180000,"-4""_Noi_ren_ngoai_phun_PPR_DK_110PN20"
123,RNRNRN20,150,1800,2000,45000,6750000,"Noi_thang_ren_ngoai_phun_PPR_DN_20_-1/2""PN20"
124,RNRNRN25,90,1100,1300,25000,2250000,"Noi_thang_ren_ngoai_phun_PPR_DN_25-3/4""PN20"
125,RNRN51/2,120,5700,6300,5000,600000,"Noi_thang_ren_ngoai_phun_PPR_DN_25_-1/2""PN20"
126,RNRNRN32,40,5300,5900,25000,1000000,Noi_thang_ren_ngoai_phun_PPR_DN32x1''PN20
127,RNRNRN40,40,9000,9900,45000,1800000,Noi_thang_ren_ngoai_phun_PPR_DN_40-1.1/4PN20
128,RNRNRN50,40,2000,2200,55000,2200000,"Noi_thang_ren_ngoai_phun_PPR_DN_50_-1.1/2""_PN20"
129,RNRNRN63,15,5400,6000,45000,675000,Noi_thang_ren_ngoai_phun_PPR_DN_63x2''PN20
130,RNRNRN75,8,3900,4300,15000,120000,"Noi_thang_ren_ngoai_phun_PPR_DN_75_-2.1/2""_PN20"
131,RNRNRN90,6,6400,7100,35000,210000,"Noi_thang_ren_ngoai_phun_PPR_DN_90x3""PN20"
132,RNRT1010,5,5800,6400,5000,25000,"Noi_thang_ren_trong_phun_PPR_DN_110_-4""_PN10"
133,RNRTRT20,200,1500,1700,25000,5000000,"Noi_thang_ren_trong_phun_PPR_DN_20_-1/2""_PN20"
134,RNRTRT25,120,7800,8600,5000,600000,"Noi_thang_ren_trong_phun_PPR_DN_25-3/4""_PN20"
135,RNRT51/2,150,7200,8000,25000,3750000,"Noi_thang_ren_trong_phun_PPR_DN_25_-1/2""_PN20"
136,RNRTRT32,40,1800,2000,55000,2200000,"Noi_thang_ren_trong_phun_PPR_DN_32-1""PN20"
137,RNRTRT40,40,1500,1700,45000,1800000,"Noi_thang_ren_trong_phun_PPR_DN_40_-1.1/4""_PN20"
138,RNRTRT50,40,10000,11000,35000,1400000,"Noi_thang_ren_trong_phun_PPR_DN_50-1.1/2""_PN20"
139,RNRTRT63,15,8600,9500,55000,825000,"Noi_thang_ren_trong_phun_PPR_DN_63-2""PN20"
140,RNRTRT75,10,4200,4700,45000,450000,"75-_Noi_thang_ren_trong_phun_PPR_DN2.1/2""_PN20"
141,RNRTRT90,6,3100,3500,45000,270000,"Noi_thang_ren_trong_phun_PPR_DN_90-3""PN20"
142,RT11T110,6,2300,2600,55000,330000,Ba_chac_90do_phun_PPR_DN_110_PN20
143,RT20RT20,400,6300,7000,45000,18000000,Ba_chac_90do_phun_PPR_DN_20_PN20
144,RT25RT25,240,2800,3100,35000,8400000,Ba_chac_90do_phun_PPR_DN_25_PN20
145,RT32RT32,120,6200,6900,35000,4200000,Ba_chac_90do_phun_PPR_DN_32_PN20
146,RT40RT40,60,1100,1300,25000,1500000,Ba_chac_90do_phun_PPR_DN_40_PN20
147,RT50RT50,30,2100,2400,15000,450000,Ba_chac_90do_phun_PPR_DN_50_PN20
148,RT63RT63,25,9300,10300,35000,875000,Ba_chac_90do_phun_PPR_DN_63_PN20
149,RT75RT75,15,6800,7500,45000,675000,Ba_chac_90do_phun_PPR_DN_75_PN20
150,RT90RT90,10,1300,1500,55000,550000,Ba_chac_90do_phun_PPR_DN_90_PN20
151,RTC11063,9,4900,5400,15000,135000,Ba_chac_90do_CB_phun_PPR_DN_110_-63PN20
152,RTC11075,9,5200,5800,55000,495000,Ba_chac_90do_CB_phun_PPR_N_110-75PN2
153,RTC11090,8,2400,2700,25000,200000,-90_Ba_chac_90do_CB_phun_PPR_DN_110PN20
154,RTC22520,300,6500,7200,25000,7500000,Ba_chac_90do_CB_phun_PPR_DN_25-20PN20
155,RTC33220,180,3700,4100,5000,900000,-20_Ba_chac_90do_CB_phun_PPR_DN_32PN20
156,RTC33225,150,6800,7500,25000,3750000,-25_Ba_chac_90do_CB_phun_PPR_DN_32PN20
157,RTC44020,100,5400,6000,25000,2500000,Ba_chac_90do_CB_phun_PPR_DN_40-20PN20
158,RTC44025,80,7200,8000,15000,1200000,-25_Ba_chac_90do_CB_phun_PPR_DN_40PN20
159,RTC44032,80,3600,4000,55000,4400000,Ba_chac_90do_CB_phun_PPR_DN_40-32PN20
160,RTC55020,64,1700,1900,15000,960000,-20_Ba_chac_90do_CB_phun_PPR_DN_50PN20
161,RTC55025,60,3700,4100,35000,2100000,Ba_chac_90do_CB_phun_PPR_DN_50-25PN20
162,RTC55032,55,8900,9800,25000,1375000,Ba_chac_90do_CB_phun_PPR_DN_50-32PN20
163,RTC55040,50,7800,8600,15000,750000,-40_Ba_chac_90do_CB_phun_PPR_DN_50PN20
164,RTC66325,50,6600,7300,25000,1250000,Ba_chac_90do_CB_phun_PPR_DN_63-25PN20
165,RTC66332,50,9100,10100,15000,750000,-32_Ba_chac_90do_CB_phun_PPR_DN_63PN20
166,RTC66340,40,6800,7500,25000,1000000,Ba_chac_90do_CB_phun_PPR_DN_63-40PN20
167,RTC66350,30,10000,11000,25000,750000,-50_Ba_chac_90do_CB_phun_PPR_DN_63PN20
168,RTC77532,35,9800,10800,45000,1575000,-32_Ba_chac_90do_CB_phun_PPR_DN_75PN20
169,RTC77540,25,5100,5700,35000,875000,Ba_chac_90do_CB_phun_PPR_DN_75-40PN20
170,RTC77550,20,4500,5000,55000,1100000,-50_Ba_chac_90do_CB_phun_PPR_DN_75PN20
171,RTC77563,20,3800,4200,25000,500000,Ba_chac_90do_CB_phun_PPR_DN_75-63PN20
172,RTC99050,15,3800,4200,55000,825000,-50_Ba_chac_90do_CB_phun_PPR_DN_90PN20
173,RTC99063,15,6600,7300,35000,525000,-63_Ba_chac_90do_CB_phun_PPR_DN_90PN20
174,RTC99075,12,1300,1500,35000,420000,-75_Ba_chac_90do_CB_phun_PPR_DN_90PN20
175,RTRNRN20,100,9700,10700,55000,5500000,Ba_chac_90do_ren_ngoai_phun_PPR_DN20-1/2PN20
176,RTRNRN25,60,5100,5700,35000,2100000,Ba_chac_90do_ren_ngoai_phun_PPR_DN25-3/4_PN20
177,RTRN51/2,60,3000,3300,45000,2700000,Ba_chac_90do_ren_ngoai_phun_PPR_DN25-1/2_PN20
178,RTRNRN32,40,5300,5900,35000,1400000,Ba_chac_90do_ren_ngoai_phun_PPR_DN32-1PN20
179,RTRTRT20,120,6500,7200,45000,5400000,Ba_chac_90do_ren_trong_phun_PPR_DN20-1/2PN20
180,RTRTRT25,60,1600,1800,25000,1500000,Ba_chac_90do_ren_trong_phun_PPR_D_25-3/4_PN20
181,RTRT51/2,80,6800,7500,55000,4400000,Ba_chac_90do_ren_trong_phun_PPR_DN25-1/2_PN20
182,RTRTRT32,40,3500,3900,15000,600000,Ba_chac_90do_ren_trong_phun_PPR_DN32-1_PN20
183,RB50B50X,10,2800,3100,15000,150000,Bich_noi_ong_phun_PPR_DN_50_PN20mau_xanh
184,RB90B90X,10,5900,6500,35000,350000,Bich_noi_ong_phun_PPR_DN_90_PN20xanh
185,RDB2B20X,600,5200,5800,25000,15000000,Dau_bit_phun_PPR_DN_20_PN20_xanh
186,RDB2B25X,360,1900,2100,35000,12600000,Dau_bit_phun_PPR_DN_25_PN20_xanh
187,RDB3B32X,400,2100,2400,45000,18000000,Dau_bit_phun_PPR_DN_32_PN20_xanh
188,RDB4B40X,300,2200,2500,25000,7500000,Dau_bit_phun_PPR_DN_40_PN20_xanh
189,RDB5B50X,120,3300,3700,15000,1800000,Dau_bit_phun_PPR_DN_50_PN20_xanh
190,ROT2T20X,210,5500,6100,35000,7350000,Ong_tranh_phun_PPR_DN_20_PN20_xanh
191,ROT2T25X,120,1700,1900,35000,4200000,Ong_tranh_phun_PPR_DN_25_PN20_xanh
192,RV20V20X,60,180000,198000,25000,1500000,Van_chan_phun_PPR_DN_20_xanh
193,RV25V25X,60,330000,363000,25000,1500000,Van_chan_phun_PPR_DN_25_xanh
194,RV32V32X,36,120000,132000,25000,900000,Van_chan_phun_PPR_DN_32_xanh
195,RV40V40X,20,170000,187000,25000,500000,Van_chan_phun_PPR_DN_40_xanh
196,RV50V50X,20,390000,429000,15000,300000,Van_chan_phun_PPR_DN_50_xanh
197,RVC2C20X,60,400000,440000,15000,900000,Van_cua_phun_PPR_DN_20_xanh
198,RVC2C25X,40,360000,396000,45000,1800000,Van_cua_phun_PPR_DN_25_xanh
199,RVC3C32X,30,300000,330000,25000,750000,Van_cua_phun_PPR_DN_32_xanh
200,RVC4C40X,12,100000,110000,15000,180000,Van_cua_phun_PPR_DN_40_xanh
201,RVC5C50X,12,440000,484000,25000,300000,Van_cua_phun_PPR_DN_50_xanh
202,RVC6C63X,8,490000,539000,15000,120000,Van_cua_phun_PPR_DN_63_mau_xanh
203,RZC2C20X,50,5300,5900,15000,750000,Zac_co_phun_PPR_DN_20_PN10_xanh
204,RZC2C25X,40,4900,5400,35000,1400000,Zac_co_phun_PPR_DN_25_PN10_xanh
205,RZC3C32X,30,4000,4400,15000,450000,Zac_co_phun_PPR_DN_32_PN10_xanh
206,RZC4C40X,20,2600,2900,15000,300000,Zac_co_phun_PPR_DN_40_PN8_xanh
207,RZC5C50X,10,6500,7200,15000,150000,Zac_co_phun_PPR_DN_50_PN6_xanh
208,RZRNN20X,90,6200,6900,25000,2250000,-1/2_Zac_co_ren_ngoai_phun_PPR_DN_20PN20_xanh
209,RZRNN25X,30,8300,9200,45000,1350000,Zac_co_ren_PN20_xanh__ngoai_phun_PPR_DN_25-3/4
210,RZRNN32X,30,3100,3500,45000,1350000,Zac_co_ren_ngoai_phun_PPR_DN_32-1_PN20_xanh__-1
211,RZRNN50X,24,9600,10600,45000,1080000,"Zac_co_ren_ngoai_phun_PPR_DN_50_-1.1/2""_PN20_xanh__"
212,RZRTT20X,90,3400,3800,5000,450000,Zac_co_ren_trong_phun_PPR_DN_20_PN20_xanh__-1/2
213,RZRTT25X,30,4500,5000,35000,1050000,Zac_co_ren_trong_phun_PPR_DN_25-3/4PN20_xanh__
214,RLL2L20X,300,2300,2600,45000,13500000,Noi_goc_45do_phun_PPR_DN_20__PN20
215,RLL2L25X,400,1900,2100,35000,14000000,Noi_goc_45do_phun_PPR_DN_25__PN20
216,RLL3L32X,240,9500,10500,25000,6000000,Noi_goc_45do_phun_PPR_xanh_DN_32_PN20
217,RLL4L40X,90,4900,5400,45000,4050000,Noi_goc_45do_phun_PPR_DN_40_PN20xanh__
218,RLL5L50X,60,8800,9700,45000,2700000,Noi_goc_45do_phun_PPR_DN_50_PN20xanh__
219,RLL6L63X,50,7600,8400,25000,1250000,Noi_goc_45do_phun_PPR_DN_63_PN20xanh__
220,RLL7L75X,30,4100,4600,45000,1350000,Noi_goc_45do_phun_PPR_DN_75_PN20xanh__
221,RL20L20X,280,4100,4600,25000,7000000,Noi_goc_90do_phun_PPR_DN_20__PN20
222,RL25L25X,320,5800,6400,45000,14400000,Noi_goc_90do_phun_PPR_DN_25__PN20
223,RL32L32X,160,5400,6000,25000,4000000,Noi_goc_90do_phun_PPR_DN_32__PN20
224,RL40L40X,80,6100,6800,45000,3600000,Noi_goc_90do_phun_PPR_DN_40xanh__PN20
225,RL50L50X,48,9900,10900,55000,2640000,Noi_goc_90do_phun_PPR_DN_50_PN20xanh__
226,RL63L63X,35,9300,10300,25000,875000,Noi_goc_90do_phun_PPR_DN_63_PN20xanh__
227,RL75L75X,25,9000,9900,25000,625000,Noi_goc_90do_phun_PPR_DN_75_PN20xanh__
228,RL90L90X,15,8200,9100,45000,675000,Noi_goc_90do_phun_PPR_DN_90_PN20xanh__
229,RLRNN20X,120,4200,4700,45000,5400000,"Noi_goc_ren_ngoai_phun_PPR_DN_201/2""PN20_xanh__-"
230,RLRN1/2X,80,2500,2800,15000,1200000,"Noi_goc_ren_ngoai_phun_PPR_DN_25-1/2""PN20_xanh__"
231,RLRNN25X,80,3100,3500,5000,400000,"Noi_goc_ren_ngoai_phun_PPR_DN_25PN20_xanh__-3/4"""
232,RLRTT20X,40,3700,4100,15000,600000,"Noi_goc_ren_trong_phun_PPR_DN_20-1/2""PN20_xanh__"
233,RLRT1/2X,100,8800,9700,55000,5500000,"Noi_goc_ren_trong_phun_PPR_DN_25PN20_xanh__-1/2"""
234,RLRTT25X,120,3300,3700,35000,4200000,Noi_goc_ren_trong_phun_PPR_DN_25PN20_xanh
235,RLRTT32X,40,4300,4800,45000,1800000,Noi_goc_ren_trong_phun_PPR_DN_32PN20_xanh
236,RN20N20X,400,5000,5500,15000,6000000,Noi_thang_phun_PPR_DN_20_PN20_xanh
237,RN25N25X,480,7700,8500,55000,26400000,Noi_thang_phun_PPR_DN_25_PN20_xanh
238,RN32N32X,280,8700,9600,55000,15400000,Noi_thang_phun_PPR_DN_32_PN20_xanh
239,RN40N40X,160,4400,4900,45000,7200000,Noi_thang_phun_PPR_DN_40_PN20_xanh
240,RN50N50X,90,4000,4400,15000,1350000,Noi_thang_phun_PPR_DN_50_PN20_xanh
241,RN63N63X,70,7300,8100,35000,2450000,Noi_thang_phun_PPR_DN_63_PN20_xanh
242,RN75N75X,40,5100,5700,5000,200000,Noi_thang_phun_PPR_DN_75_PN20_xanh
243,RNC2520X,280,9400,10400,45000,12600000,Noi_thang_CB_phun_PPR_DN_25-20PN20xanh
244,RNC3220X,360,4900,5400,35000,12600000,Noi_thang_CB_phun_PPR_DNxanh
245,RNC3225X,300,9800,10800,35000,10500000,Noi_thang_CB_phun_PPR_DN_32-25PN20_xanh
246,RNC4020X,200,8800,9700,15000,3000000,Noi_thang_CB_phun_PPR_DN_40-20PN20_xanh
247,RNC4025X,200,5400,6000,35000,7000000,Noi_thang_CB_phun_PPR_DN_40PN20_xanh
248,RNC4032X,180,4000,4400,25000,4500000,Noi_thang_CB_phun_PPR_DN_40-32_PN20xanh
249,RNC5020X,120,2300,2600,15000,1800000,Noi_thang_CB_phun_PPR_DN_50xanh
250,RNC5025X,120,5000,5500,15000,1800000,Noi_thang_CB_phun_PPR_DN_50-25_PN20xanh
251,RNC5032X,120,4300,4800,45000,5400000,Noi_thang_CB_phun_PPR_DN_50xanh
252,RNC5040X,100,7300,8100,45000,4500000,Noi_thang_CBxanh
253,RNC6340X,80,8700,9600,15000,1200000,Noi_thang_CB_phun_PPR_DN_63-40_PN20xanh
254,RNC6350X,70,6300,7000,45000,3150000,Noi_thang_CB_phun_PPR_DN_63xanh
255,RNC7540X,60,8100,9000,45000,2700000,Noi_thang_CB_phun_PPR_DN_75-40_PN20xanh
256,RNC7563X,60,1300,1500,45000,2700000,Noi_thang_CBxanh
257,RNC9075X,50,4700,5200,35000,1750000,Noi_thang_CB_phun_PPR_DN_90-75_PN20xanh
258,RNRNN20X,150,2000,2200,35000,5250000,"Noi_thang_ren_ngoai1/2""_PN20_xanh"
259,RNRN1/2X,120,6400,7100,5000,600000,Noi_thang_ren_ngoai
260,RNRNN25X,90,1700,1900,25000,2250000,"Noi_thang_ren_ngoai3/4""_PN20_xanh"
261,RNRNN32X,40,2100,2400,45000,1800000,Noi_thang_ren_ngoai
262,RNRNN40X,40,7700,8500,35000,1400000,"Noi_thang_ren_ngoai1.1/4""_PN20_xanh"
263,RNRNN50X,40,6000,6600,45000,1800000,Noi_thang_ren_ngoai
264,RNRNN63X,15,4200,4700,5000,75000,"Noi_thang_ren_ngoai_phun_PPR_DN_63_x2""_PN20_xanh"
265,RNRTT20X,200,3900,4300,5000,1000000,"-_Noi_thang_ren_trong_phun_PPR_DN_201/2""_PN20_xanh"
266,RNRT1/2X,150,9500,10500,5000,750000,"Noi_thang_ren_trong_phun_PPR_DN_25-1/2""_PN20_xanh"
267,RNRTT25X,120,1100,1300,35000,4200000,"-_Noi_thang_ren_trong_phun_PPR_DN_253/4""_PN20_xanh"
268,RNRTT32X,40,8200,9100,5000,200000,"Noi_thang_ren_trong_phun_PPR_DN_32-1""PN20_xanh"
269,RNRTT40X,40,1600,1800,25000,1000000,"Noi_thang_ren_trong_phun_PPR_DN_40-1.1/4""_PN20_xanh"
270,RNRTT50X,40,10000,11000,15000,600000,"50-_Noi_thang_ren_trong_phun_PPR_DN1.1/2""_PN20_xanh"
271,RT20T20X,400,6800,7500,15000,6000000,Ba_chac_90do_phun_PPR_DN_20_PN20xanh
272,RT25T25X,240,2600,2900,15000,3600000,Ba_chac_90do_phun_PPR_DN_25_PN20xanh
273,RT32T32X,120,3800,4200,25000,3000000,Ba_chac_90do_phun_PPR_DN_32_PN20xanh
274,RT40T40X,60,6100,6800,45000,2700000,Ba_chac_90do_phun_PPR_DN_40_PN20xanh
275,RT50T50X,30,1200,1400,5000,150000,Ba_chac_90do_phun_PPR_DN_50_PN20xanh
276,RT63T63X,25,4900,5400,15000,375000,Ba_chac_90do_phun_PPR_DN_63_PN20xanh
277,RT75T75X,15,2300,2600,25000,375000,Ba_chac_90do_phun_PPR_DN_75_PN20xanh
278,RTC2520X,300,2100,2400,45000,13500000,Ba_chac_90do_CB_phun_PPR_DN_25-20PN20xanh
279,RTC3220X,180,4500,5000,35000,6300000,-20_Ba_chac_90do_CB_phun_PPR_DN_32P20_xanh
280,RTC3225X,150,9100,10100,25000,3750000,-25_Ba_chac_90do_CB_phun_PPR_DN_32PN20xanh
281,RTC4025X,80,4200,4700,45000,3600000,Ba_chac_90do_CB_phun_PPR_DN_40-25PN20_xanh
282,RTC4032X,80,2000,2200,15000,1200000,phun_PPR_DN_40-32_Ba_chac_90do_CBPN20_xanh
283,RTC5025X,60,2200,2500,25000,1500000,Ba_chac_90do_CB_phun_PPR_DN_50-25PN20_xanh
284,RTC5032X,55,1100,1300,25000,1375000,-32_Ba_chac_90do_CB_phun_PPR_DN_50PN20_xanh
285,RTC5040X,50,8400,9300,25000,1250000,Ba_chac_90do_CB_phun_PPR_DN_50-40PN20_xanh
286,RTC6516X,50,4800,5300,35000,1750000,Ba_chac_90do_CB_phun_PPR_DN_63-25PN16_xanh
287,RTC6216X,50,6900,7600,35000,1750000,-32_Ba_chac_90do_CB_phun_PPR_DN_63PN16_xanh
288,RTC6016X,40,3500,3900,35000,1400000,-40_Ba_chac_90do_CB_phun_PPR_DN_63PN16_xanh
289,RTC6350X,30,2200,2500,55000,1650000,-50_Ba_chac_90do_CB_phun_PPR_DN_63PN20_mau_xanh
290,RTC7550X,20,7300,8100,25000,500000,-50_Ba_chac_90do_CB_phun_PPR_DN_75PN20_mau_xanh
291,RTC7563X,20,7800,8600,55000,1100000,-63_Ba_chac_90do_CB_phun_PPR_DN_75PN20_mau_xanh
292,RTC9050X,15,3800,4200,45000,675000,Ba_chac_90do_CB_phun_PPR_DN_90-50PN20_xanh
293,RTRNN20X,10,5100,5700,55000,550000,Ba_chac_90do_ren_ngoai_phun_PPR_DN20-1/2_PN20_xanh
294,RTRN1/2X,10,1800,2000,35000,350000,Ba_chac_90do_ren_ngoai_phun_PPR_DN25-1/2_PN20_xanh
295,RTRNN25X,10,4500,5000,25000,250000,Ba_chac_90do_ren_ngoai_phun_PPR_DN25-3/4PN20_xanh
296,RTRTT20X,120,4600,5100,55000,6600000,Ba_chac_90do_ren_trong_phun_PPR_DN20-1/2_PN20_xanh
297,RTRT1/2X,80,1100,1300,15000,1200000,Ba_chac_90do_ren_trong_phun_PPR_DN25-1/2_PN20_xanh
298,RTRTT25X,60,7900,8700,45000,2700000,Ba_chac_90do_ren_trong_phun_PPR_DN25-3/4_PN20_xanh
299,RTRTT32X,40,5100,5700,15000,600000,"Ba_chac_90do_ren_trong_phun_PPR_DN_32-1""_PN20_mau_xanh"
300,RL12L125,30,1800,2000,15000,450000,Noi_goc_90do_phun_PPR_DN_125_PN20
301,RL14L140,30,3300,3700,25000,750000,Noi_goc_90do_phun_PPR_DN_140_PN20
302,RL166016,20,2400,2700,55000,1100000,Noi_goc_90do_phun_PPR_DN_160_PN16
303,RL200016,300,1500000,1650000,25000,7500000,Noi_goc_90do_phun_PPR_DN_200_PN16
304,RN12N125,300,8900,9800,35000,10500000,Noi_thang_phun_PPR_DN_125_PN20
305,RN14N140,300,7100,7900,55000,16500000,Noi_thang_phun_PPR_DN_140_PN20
306,RN16N160,300,6800,7500,45000,13500000,Noi_thang_phun_PPR_DN_160_PN20
307,RN20N200,300,2000000,2200000,45000,13500000,Noi_thang_phun_PPR_DN_200_PN20
308,RNB1B125,300,2600,2900,15000,4500000,Dau_noi_bang_bich_phun_PPR_DN_125PN20
309,RNB1B140,300,3100,3500,5000,1500000,Dau_noi_bang_bich_phun_PPR_DN_140PN20
310,RNB14010,300,7200,8000,45000,13500000,Dau_noi_bang_bich_phun_PPR_DN_140PN10
311,RNB1B160,300,7900,8700,35000,10500000,Dau_noi_bang_bich_phun_PPR_DN_160PN20
312,RNB1B180,300,4500,5000,55000,16500000,Dau_noi_bang_bich_phun_PPR_DN_180PN20
313,RNB2B200,300,2000000,2200000,55000,16500000,Dau_noi_bang_bich_phun_PPR_DN_200PN20
314,RNB20010,300,2800000,3080000,15000,4500000,Dau_noi_bang_bich_phun_PPR_DN_200PN10
315,RNC15110,300,6900,7600,45000,13500000,Noi_thang_CB_phun_PPR_DN_125-110PN20
316,RNC1110D,300,1500,1700,25000,7500000,Noi_thang_CB_phun_PPR_DN_140-110PN20
317,RNC14090,300,9000,9900,15000,4500000,Noi_thang_CB_phun_PPR_DN_140-90PN20
318,RNC10110,300,9500,10500,15000,4500000,-110_Noi_thang_CB_phun_PPR_DN_160PN20
319,RNC10140,300,8500,9400,55000,16500000,-140_Noi_thang_CB_phun_PPR_DN_160PN20
320,RNC20125,300,2100000,2310000,25000,7500000,-125_Noi_thang_CB_phun_PPR_DN_200PN20
321,RT12T125,300,4200,4700,25000,7500000,Ba_chac_90do_phun_PPR_DN_125_PN20
322,RT14T140,300,2800,3100,15000,4500000,Ba_chac_90do_phun_PPR_DN_140_PN20
323,RT166016,300,2600,2900,45000,13500000,Ba_chac_90do_phun_PPR_DN_160_PN16
324,RTC14075,300,8000,8800,55000,16500000,Ba_chac_90do_CB_phun_PPR_DN_140_-75PN20
325,RTC24016,300,1100000,1210000,45000,13500000,Ba_chac_90do_CB_phun_PPR_D_200-140PN16
326,RUB5UB50,300,7100,7900,15000,4500000,Bich_noi_ong_phun_PPR_-UV_DN_50_PN20
327,RUDBDB20,600,6400,7100,35000,21000000,Dau_bit_phun_PPR-UV_DN_20_PN20
328,RUDBDB25,360,9200,10200,25000,9000000,Dau_bit_phun_PPR-UV_DN_25_PN20
329,RUDBDB32,400,2000,2200,5000,2000000,Dau_bit_phun_PPR_-UV_DN_32_PN20
330,RUDBDB40,300,5100,5700,45000,13500000,Dau_bit_phun_PPR_-UV_DN_40_PN20
331,RUDBDB50,120,4400,4900,15000,1800000,Dau_bit_phun_PPR-UV_DN_50_PN20
332,RUL2UL20,280,5600,6200,45000,12600000,Noi_goc_90do_phun_PPR-UV_DN_20PN20
333,RUL2UL25,320,7200,8000,45000,14400000,Noi_goc_90do_phun_PPR-UV_DN_25PN20
334,RUL3UL32,160,1000,1100,15000,2400000,Noi_goc_90do_phun_PPR-UV_DN_32PN20
335,RUL4UL40,80,6800,7500,55000,4400000,Noi_goc_90do_phun_PPR-UV_DN_40PN20
336,RUL5UL50,48,1100,1300,25000,1200000,Noi_goc_90do_phun_PPR-UV_DN_50PN20
337,RUL6UL63,35,4600,5100,55000,1925000,Noi_goc_90do_phun_PPR-UV_DN_63PN20
338,RULK51/2,25,6800,7500,25000,625000,"Noi_goc_90do_kep_ren_trong_PPR_-UV_DN25-1/2""_PN20"
339,RULLLL20,300,7100,7900,35000,10500000,Noi_goc_45do_phun_PPR-UV_DN_20PN20
340,RULLLL25,400,6300,7000,45000,18000000,Noi_goc_45do_phun_PPR-UV_DN_25PN20
341,RULLLL32,240,3100,3500,5000,1200000,Noi_goc_45do_phun_PPR-UV_DN_32PN20
342,RULLLL40,90,9700,10700,45000,4050000,Noi_goc_45do_phun_PPR-UV_DN_40PN20
343,RULLLL50,60,3400,3800,35000,2100000,RULLLL50
344,RULLLL63,50,3600,4000,15000,750000,RULLLL63
345,RULRRN20,50,9800,10800,35000,1750000,"-UV_Noi_goc_90do_ren_ngoai_phun_PPRDN20-1/2""_PN2"
346,RULRRN25,50,4100,4600,45000,2250000,"Noi_goc_90do_ren_ngoai_phun_PPR-UVDN_25-3/4""_PN20"
347,RULR1/2D,50,4400,4900,5000,250000,"UV_Noi_goc_90do_ren_ngoai_phun_PPRDN_25-1/2""_PN20"
348,RULRRT20,150,4200,4700,25000,3750000,"Noi_goc_90do_ren_trong_phun_PPR-UVDN_20-1/2""_PN20"
349,RULRRT25,120,4000,4400,35000,4200000,"Noi_goc_90do_ren_trong_phun_PPR-UVDN_25-3/4""_PN20"
350,RULR51/2,100,5800,6400,15000,1500000,"UV_Noi_goc_90do_ren_trong_phun_PPRDN_25-1/2""_PN20"
351,RUN2UN20,100,3000,3300,15000,1500000,Noi_thang_phun_PPR-UV_DN_20_PN20
352,RUN2UN25,100,5500,6100,15000,1500000,Noi_thang_phun_PPR_-UV_DN_25_PN20
353,RUN3UN32,100,2400,2700,45000,4500000,Noi_thang_phun_PPR-UV_DN_32_PN20
354,RUN4UN40,100,9800,10800,25000,2500000,Noi_thang_phun_PPR_-UV_DN_40_PN20
355,RUN5UN50,100,4900,5400,5000,500000,Noi_thang_phun_PPR_-UV_DN_50_PN20
356,RUN6UN63,100,8900,9800,25000,2500000,Noi_thang_phun_PPR_-UV_DN_63_PN20
357,RUNC2520,280,4400,4900,55000,15400000,Noi_thang_CB_phun_PPRPN20
358,RUNC3220,360,9000,9900,45000,16200000,Noi_thang_CB_phun_PPRPN20
359,RUNC3225,300,3100,3500,25000,7500000,Noi_thang_CB_phun_PPR-UV_DN_32-25PN20
360,RUNC4020,200,1800,2000,55000,11000000,Noi_thang_CB_phun_PPRPN20
361,RUNC4025,200,1800,2000,45000,9000000,Noi_thang_CB_phun_PPR-UV_DN_40-25PN20
362,RUNC4032,180,1300,1500,55000,9900000,Noi_thang_CB_phun_PPR-UV_DN_40-32PN20
363,RUNC5020,120,6300,7000,35000,4200000,Noi_thang_CB_phun_PPRPN20
364,RUNC5025,120,6500,7200,35000,4200000,Noi_thang_CB_phun_PPR-UV_DN_50-25PN20
365,RUNC5032,120,8500,9400,55000,6600000,Noi_thang_CB_phun_PPRPN20
366,RUNC5040,100,7700,8500,15000,1500000,Noi_thang_CB_phun_PPR-UV_DN_50-40PN20
367,RUNC6332,100,2400,2700,45000,4500000,Noi_thang_CB_phun_PPRPN20
368,RUNC6340,80,6800,7500,55000,4400000,Noi_thang_CB_phun_PPRPN20
369,RUNC6350,70,3600,4000,45000,3150000,Noi_thang_CB_phun_PPR-UV_DN_63-50PN20
370,RUNRRN20,150,9000,9900,45000,6750000,"Noi_thang_ren_ngoai_phun_PPR201/2""_PN20"
371,RUNRRN25,90,4600,5100,45000,4050000,"Noi_thang_ren_ngoai_phun_PPR-UV_DN253/4""_PN20"
372,RUNR1/2D,120,6100,6800,15000,1800000,"Noi_thang_ren_ngoai_phun_PPR25-1/2""_PN20"
373,RUNRRN32,40,1100,1300,15000,600000,Noi_thang_ren_ngoai32-1''_PN20
374,RUNRRN40,40,8700,9600,55000,2200000,Noi_thang_ren_ngoai40-1.1/4''_PN20
375,RUNRRN50,40,3900,4300,45000,1800000,Noi_thang_ren_ngoai50
376,RUNRRN63,15,2000,2200,55000,825000,Noi_thang_ren_ngoai63-2''_PN20
377,RUNRRT20,200,8600,9500,55000,11000000,"Noi_thang_ren_trong_phun_PPR20-1/2""_PN20"
378,RUNRRT25,120,2800,3100,25000,3000000,"Noi_thang_ren_trong_phun_PPR-UV_DN25-3/4""_PN20"
379,RUNR51/2,150,7500,8300,15000,2250000,"Noi_thang_ren_trong_phun_PPR25-1/2""_PN20"
380,RUNRRT32,40,6600,7300,25000,1000000,Noi_thang_ren_trong_phun_PPR32-1''_PN20
381,RUNRRT40,40,9400,10400,45000,1800000,Noi_thang_ren_trong_phun_PPR-UV_DN40-1.1/4''_PN20
382,RUNRRT50,40,7700,8500,15000,600000,Noi_thang_ren_trong_phun_PPR50-1.1/2''_PN20
383,RUNRRT63,15,3200,3600,25000,375000,Noi_thang_ren_trong_phun_PPR-UV_DN63-2''_PN20
384,RUOT2020,210,3000,3300,15000,3150000,Ong_tranh_phun_PPR_-UV_DN_20_PN20
385,RUOTOT25,120,5800,6400,55000,6600000,Ong_tranh_phun_PPR_-UV_DN_25_PN20
386,RUT2UT20,400,3700,4100,45000,18000000,RUT2UT20
387,RUT2UT25,240,7800,8600,5000,1200000,RUT2UT25
388,RUT3UT32,120,4500,5000,55000,6600000,RUT3UT32
389,RUT4UT40,60,4600,5100,25000,1500000,RUT4UT40
390,RUT5UT50,30,3900,4300,35000,1050000,RUT5UT50
391,RUT6UT63,25,3500,3900,45000,1125000,Ba_chac_90do_phun_PPR-UV_DN_63PN20
392,RUTC2520,280,6700,7400,35000,9800000,Ba_chac_90do_CB_phun_PPR-UV_DN_25-20PN20
393,RUTC3220,180,3500,3900,35000,6300000,Ba_chac_90do_CB_phun_PPR_-UV_DN_32-2PN20
394,RUTC3225,150,1800,2000,5000,750000,Ba_chac_90do_CB_phun_PPR-UV_DN_32-25PN20
395,RUTC4020,100,8400,9300,5000,500000,Ba_chac_90do_CB_phun_PPR_-UV_DN_40-20PN20
396,RUTC4025,80,7900,8700,15000,1200000,Ba_chac_90do_CB_phun_PPR-UV_DN_40-25PN20
397,RUTC4032,80,5500,6100,55000,4400000,Ba_chac_90do_CB_phun_PPR-UV_DN_40-32_PN20
398,RUTC5020,64,2600,2900,45000,2880000,Ba_chac_90do_CB_phun_PPR_-UV_DN_50-20_PN20
399,RUTC5025,60,3800,4200,55000,3300000,Ba_chac_90do_CB_phun_PPR-UV_DN_50-25_PN20
400,RUTC5032,55,9300,10300,45000,2475000,Ba_chac_90do_CB_phun_PPR_-UV_DN_50-32_PN20
401,RUTC5040,50,1600,1800,45000,2250000,Ba_chac_90do_CB_phun_PPR-UV_DN_50-40_PN20
402,RUTC6325,50,2700,3000,45000,2250000,Ba_chac_90do_CB_phun_PPR_-UV_DN_63-25_PN20
403,RUTC6332,50,4400,4900,35000,1750000,Ba_chac_90do_CB_phun_PPR_-UV_DN_63-32_PN20
404,RUTC6350,30,4000,4400,45000,1350000,Ba_chac_90do_CB_phun_PPR-UV_DN_63-50_PN20
405,RUTRRN20,30,3200,3600,15000,450000,"UV_Ba_chac_90do_ren_ngoai_phun_PPRDN_20-1/2""_PN20"
406,RUTRRN25,30,8600,9500,5000,150000,Ba_chac_90do_ren_ngoai_phun_PPR-UVDN_25-3/4_PN20
407,RUTR1/2D,30,7000,7700,45000,1350000,"UV_Ba_chac_90do_ren_ngoai_phun_PPRDN_25-1/2""_PN20"
408,RUTRRN32,40,3400,3800,55000,2200000,"Ba_chac_90do_ren_ngoai_phun_PPR-UVDN_32-1""_PN20"
409,RUTRRT20,120,3500,3900,15000,1800000,"Ba_chac_90do_ren_trong_phun_PPR-UVDN_20-1/2""_PN20"
410,RUTRRT25,60,2900,3200,5000,300000,-UV_Ba_chac_90do_ren_trong_phun_PPRDN_25-3/4_PN20
411,RUTR51/2,80,10000,11000,25000,2000000,"UV_Ba_chac_90do_ren_trong_phun_PPRDN_25-1/2""_PN20"
412,RUV2UV20,60,250000,275000,55000,3300000,Van_chan_phun_PPR_-UV_DN_20
413,RUV2UV25,60,240000,264000,45000,2700000,Van_chan_phun_PPR_-UV_DN_25
414,RUV3UV32,36,420000,462000,35000,1260000,Van_chan_phun_PPR_-UV_DN_32
415,RUV4UV40,20,320000,352000,15000,300000,Van_chan_phun_PPR_-UV_DN_40
416,RUV5UV50,20,220000,242000,45000,900000,Van_chan_phun_PPR-UV_DN_50
417,RUVCVC20,60,400000,440000,35000,2100000,Van_cua_phun_PPR-UV_DN_20
418,RUVCVC25,40,330000,363000,55000,2200000,Van_cua_phun_PPR_-UV_DN_25
419,RUVCVC32,30,190000,209000,55000,1650000,Van_cua_phun_PPR_-UV_DN_32
420,RUVCVC40,12,460000,506000,35000,420000,Van_cua_phun_PPR-UV_DN_40
421,RUVCVC50,12,170000,187000,5000,60000,Van_cua_phun_PPR-UV_DN_50
422,RUVCVC63,8,210000,231000,15000,120000,Van_cua_phun_PPR_-UV_DN_63
423,RUZCZC20,8,5200,5800,5000,40000,Zac_co_phun_PPR_-UV_DN_20
424,RUZCZC25,8,1600,1800,55000,440000,Zac_co_phun_PPR-UV_DN_25
425,RUZCZC32,8,4000,4400,15000,120000,Zac_co_phun_PPR-UV_DN_32
426,RUZCZC40,8,7700,8500,15000,120000,Zac_co_phun_PPR_-UV_DN_40
427,RUZCZC50,8,1800,2000,15000,120000,Zac_co_phun_PPR_-UV_DN_50
428,RUZCZC63,8,5400,6000,45000,360000,Zac_co_phun_PPR-UV_DN_63
429,RUZRRN20,90,3800,4200,25000,2250000,"Zacco_ren_ngoai_phun_PPR-UV_DN_20-1/2""PN20"
430,RUZRRN25,30,2200,2500,15000,450000,"-UV_DN_25-_Zacco_ren_ngoai_phun_PPR3/4""_PN20"
431,RUZRRN32,30,5500,6100,55000,1650000,"Zacco_ren_ngoai_phun_PPR-UV_DN_32-1""PN20"
432,RUZRRN40,24,4300,4800,45000,1080000,-UV_DN_40-_Zacco_ren_ngoai_phun_PPR1.1/4_PN20
433,RUZRRN63,12,7300,8100,15000,180000,"Zac_co_ren_ngoai_phun_PPR-UV_DN_63_-2""_PN20"
434,RUZRRT25,30,5700,6300,45000,1350000,"Zacco_ren_trong_phun_PPR-UV_DN_25-3/4""_PN20"