rule1 = ctrl.Rule(antecedent=(input_variable1['high'] & input_variable2['low'] & input_variable3['medium'] & input_variable4['high'] & input_variable5['high'] & input_variable6['high']), consequent=(output_variable1['low'], output_variable2['low']))
rules.append(rule1)
rule2 = ctrl.Rule(antecedent=(input_variable1['high'] & input_variable2['low'] & input_variable3['high'] & input_variable4['low'] & input_variable5['high'] & input_variable6['high']), consequent=(output_variable1['low'], output_variable2['low']))
rules.append(rule2)
rule3 = ctrl.Rule(antecedent=(input_variable1['high'] & input_variable2['low'] & input_variable3['low'] & input_variable4['low'] & input_variable5['medium'] & input_variable6['high']), consequent=(output_variable1['low'], output_variable2['low']))
rules.append(rule3)
rule4 = ctrl.Rule(antecedent=(input_variable1['low'] & input_variable2['medium'] & input_variable3['medium'] & input_variable4['high'] & input_variable5['high'] & input_variable6['medium']), consequent=(output_variable1['low'], output_variable2['low']))
rules.append(rule4)
rule5 = ctrl.Rule(antecedent=(input_variable1['medium'] & input_variable2['low'] & input_variable3['medium'] & input_variable4['high'] & input_variable5['medium'] & input_variable6['high']), consequent=(output_variable1['low'], output_variable2['low']))
rules.append(rule5)
rule6 = ctrl.Rule(antecedent=(input_variable1['low'] & input_variable2['low'] & input_variable3['low'] & input_variable4['medium'] & input_variable5['medium'] & input_variable6['high']), consequent=(output_variable1['low'], output_variable2['low']))
rules.append(rule6)
rule7 = ctrl.Rule(antecedent=(input_variable1['low'] & input_variable2['medium'] & input_variable3['medium'] & input_variable4['low'] & input_variable5['medium'] & input_variable6['medium']), consequent=(output_variable1['low'], output_variable2['low']))
rules.append(rule7)
rule8 = ctrl.Rule(antecedent=(input_variable1['high'] & input_variable2['low'] & input_variable3['low'] & input_variable4['medium'] & input_variable5['low'] & input_variable6['medium']), consequent=(output_variable1['low'], output_variable2['low']))
rules.append(rule8)
rule9 = ctrl.Rule(antecedent=(input_variable1['low'] & input_variable2['low'] & input_variable3['high'] & input_variable4['low'] & input_variable5['low'] & input_variable6['medium']), consequent=(output_variable1['low'], output_variable2['low']))
rules.append(rule9)
rule10 = ctrl.Rule(antecedent=(input_variable1['low'] & input_variable2['medium'] & input_variable3['low'] & input_variable4['high'] & input_variable5['high'] & input_variable6['medium']), consequent=(output_variable1['low'], output_variable2['low']))
rules.append(rule10)
rule11 = ctrl.Rule(antecedent=(input_variable1['high'] & input_variable2['low'] & input_variable3['low'] & input_variable4['medium'] & input_variable5['low'] & input_variable6['low']), consequent=(output_variable1['low'], output_variable2['low']))
rules.append(rule11)
rule12 = ctrl.Rule(antecedent=(input_variable1['high'] & input_variable2['high'] & input_variable3['high'] & input_variable4['medium'] & input_variable5['high'] & input_variable6['high']), consequent=(output_variable1['low'], output_variable2['low']))
rules.append(rule12)
rule13 = ctrl.Rule(antecedent=(input_variable1['high'] & input_variable2['medium'] & input_variable3['low'] & input_variable4['low'] & input_variable5['medium'] & input_variable6['high']), consequent=(output_variable1['low'], output_variable2['low']))
rules.append(rule13)
rule14 = ctrl.Rule(antecedent=(input_variable1['medium'] & input_variable2['high'] & input_variable3['medium'] & input_variable4['low'] & input_variable5['medium'] & input_variable6['high']), consequent=(output_variable1['low'], output_variable2['low']))
rules.append(rule14)
rule15 = ctrl.Rule(antecedent=(input_variable1['low'] & input_variable2['low'] & input_variable3['medium'] & input_variable4['medium'] & input_variable5['medium'] & input_variable6['low']), consequent=(output_variable1['low'], output_variable2['low']))
rules.append(rule15)
rule16 = ctrl.Rule(antecedent=(input_variable1['low'] & input_variable2['low'] & input_variable3['medium'] & input_variable4['low'] & input_variable5['medium'] & input_variable6['medium']), consequent=(output_variable1['low'], output_variable2['low']))
rules.append(rule16)
rule17 = ctrl.Rule(antecedent=(input_variable1['medium'] & input_variable2['medium'] & input_variable3['medium'] & input_variable4['high'] & input_variable5['low'] & input_variable6['low']), consequent=(output_variable1['low'], output_variable2['low']))
rules.append(rule17)
rule18 = ctrl.Rule(antecedent=(input_variable1['high'] & input_variable2['high'] & input_variable3['medium'] & input_variable4['low'] & input_variable5['high'] & input_variable6['medium']), consequent=(output_variable1['low'], output_variable2['low']))
rules.append(rule18)
rule19 = ctrl.Rule(antecedent=(input_variable1['low'] & input_variable2['low'] & input_variable3['high'] & input_variable4['medium'] & input_variable5['high'] & input_variable6['low']), consequent=(output_variable1['low'], output_variable2['low']))
rules.append(rule19)
rule20 = ctrl.Rule(antecedent=(input_variable1['high'] & input_variable2['high'] & input_variable3['low'] & input_variable4['high'] & input_variable5['low'] & input_variable6['low']), consequent=(output_variable1['low'], output_variable2['low']))
rules.append(rule20)
rule21 = ctrl.Rule(antecedent=(input_variable1['low'] & input_variable2['low'] & input_variable3['high'] & input_variable4['high'] & input_variable5['medium'] & input_variable6['low']), consequent=(output_variable1['low'], output_variable2['low']))
rules.append(rule21)
rule22 = ctrl.Rule(antecedent=(input_variable1['low'] & input_variable2['low'] & input_variable3['medium'] & input_variable4['medium'] & input_variable5['high'] & input_variable6['high']), consequent=(output_variable1['low'], output_variable2['low']))
rules.append(rule22)
rule23 = ctrl.Rule(antecedent=(input_variable1['high'] & input_variable2['high'] & input_variable3['low'] & input_variable4['low'] & input_variable5['medium'] & input_variable6['high']), consequent=(output_variable1['low'], output_variable2['low']))
rules.append(rule23)
rule24 = ctrl.Rule(antecedent=(input_variable1['low'] & input_variable2['high'] & input_variable3['medium'] & input_variable4['low'] & input_variable5['low'] & input_variable6['low']), consequent=(output_variable1['low'], output_variable2['low']))
rules.append(rule24)
rule25 = ctrl.Rule(antecedent=(input_variable1['medium'] & input_variable2['low'] & input_variable3['medium'] & input_variable4['high'] & input_variable5['high'] & input_variable6['high']), consequent=(output_variable1['low'], output_variable2['low']))
rules.append(rule25)
rule26 = ctrl.Rule(antecedent=(input_variable1['medium'] & input_variable2['low'] & input_variable3['low'] & input_variable4['low'] & input_variable5['medium'] & input_variable6['high']), consequent=(output_variable1['low'], output_variable2['low']))
rules.append(rule26)
rule27 = ctrl.Rule(antecedent=(input_variable1['medium'] & input_variable2['low'] & input_variable3['medium'] & input_variable4['low'] & input_variable5['medium'] & input_variable6['low']), consequent=(output_variable1['low'], output_variable2['low']))
rules.append(rule27)
rule28 = ctrl.Rule(antecedent=(input_variable1['low'] & input_variable2['medium'] & input_variable3['medium'] & input_variable4['high'] & input_variable5['high'] & input_variable6['medium']), consequent=(output_variable1['low'], output_variable2['low']))
rules.append(rule28)
rule29 = ctrl.Rule(antecedent=(input_variable1['low'] & input_variable2['low'] & input_variable3['high'] & input_variable4['low'] & input_variable5['low'] & input_variable6['medium']), consequent=(output_variable1['low'], output_variable2['low']))
rules.append(rule29)
rule30 = ctrl.Rule(antecedent=(input_variable1['low'] & input_variable2['medium'] & input_variable3['medium'] & input_variable4['high'] & input_variable5['high'] & input_variable6['high']), consequent=(output_variable1['low'], output_variable2['low']))
rules.append(rule30)
rule31 = ctrl.Rule(antecedent=(input_variable1['medium'] & input_variable2['high'] & input_variable3['medium'] & input_variable4['low'] & input_variable5['low'] & input_variable6['low']), consequent=(output_variable1['low'], output_variable2['low']))
rules.append(rule31)
rule32 = ctrl.Rule(antecedent=(input_variable1['medium'] & input_variable2['low'] & input_variable3['low'] & input_variable4['low'] & input_variable5['high'] & input_variable6['medium']), consequent=(output_variable1['low'], output_variable2['low']))
rules.append(rule32)
rule33 = ctrl.Rule(antecedent=(input_variable1['medium'] & input_variable2['low'] & input_variable3['medium'] & input_variable4['high'] & input_variable5['medium'] & input_variable6['high']), consequent=(output_variable1['low'], output_variable2['low']))
rules.append(rule33)
rule34 = ctrl.Rule(antecedent=(input_variable1['medium'] & input_variable2['high'] & input_variable3['low'] & input_variable4['medium'] & input_variable5['high'] & input_variable6['low']), consequent=(output_variable1['low'], output_variable2['low']))
rules.append(rule34)
rule35 = ctrl.Rule(antecedent=(input_variable1['low'] & input_variable2['low'] & input_variable3['low'] & input_variable4['high'] & input_variable5['high'] & input_variable6['medium']), consequent=(output_variable1['low'], output_variable2['low']))
rules.append(rule35)
rule36 = ctrl.Rule(antecedent=(input_variable1['high'] & input_variable2['medium'] & input_variable3['medium'] & input_variable4['low'] & input_variable5['low'] & input_variable6['medium']), consequent=(output_variable1['low'], output_variable2['low']))
rules.append(rule36)
rule37 = ctrl.Rule(antecedent=(input_variable1['low'] & input_variable2['high'] & input_variable3['medium'] & input_variable4['low'] & input_variable5['low'] & input_variable6['low']), consequent=(output_variable1['low'], output_variable2['low']))
rules.append(rule37)
rule38 = ctrl.Rule(antecedent=(input_variable1['high'] & input_variable2['medium'] & input_variable3['medium'] & input_variable4['medium'] & input_variable5['medium'] & input_variable6['medium']), consequent=(output_variable1['low'], output_variable2['low']))
rules.append(rule38)
rule39 = ctrl.Rule(antecedent=(input_variable1['medium'] & input_variable2['high'] & input_variable3['high'] & input_variable4['low'] & input_variable5['medium'] & input_variable6['low']), consequent=(output_variable1['low'], output_variable2['low']))
rules.append(rule39)
rule40 = ctrl.Rule(antecedent=(input_variable1['low'] & input_variable2['low'] & input_variable3['low'] & input_variable4['medium'] & input_variable5['high'] & input_variable6['high']), consequent=(output_variable1['low'], output_variable2['low']))
rules.append(rule40)
rule41 = ctrl.Rule(antecedent=(input_variable1['low'] & input_variable2['medium'] & input_variable3['low'] & input_variable4['high'] & input_variable5['high'] & input_variable6['low']), consequent=(output_variable1['low'], output_variable2['low']))
rules.append(rule41)
rule42 = ctrl.Rule(antecedent=(input_variable1['medium'] & input_variable2['high'] & input_variable3['medium'] & input_variable4['high'] & input_variable5['high'] & input_variable6['low']), consequent=(output_variable1['low'], output_variable2['low']))
rules.append(rule42)
rule43 = ctrl.Rule(antecedent=(input_variable1['medium'] & input_variable2['high'] & input_variable3['low'] & input_variable4['low'] & input_variable5['medium'] & input_variable6['medium']), consequent=(output_variable1['low'], output_variable2['low']))
rules.append(rule43)
rule44 = ctrl.Rule(antecedent=(input_variable1['low'] & input_variable2['medium'] & input_variable3['low'] & input_variable4['high'] & input_variable5['medium'] & input_variable6['low']), consequent=(output_variable1['low'], output_variable2['low']))
rules.append(rule44)
rule45 = ctrl.Rule(antecedent=(input_variable1['high'] & input_variable2['medium'] & input_variable3['high'] & input_variable4['high'] & input_variable5['medium'] & input_variable6['medium']), consequent=(output_variable1['low'], output_variable2['low']))
rules.append(rule45)
rule46 = ctrl.Rule(antecedent=(input_variable1['medium'] & input_variable2['medium'] & input_variable3['high'] & input_variable4['low'] & input_variable5['medium'] & input_variable6['low']), consequent=(output_variable1['low'], output_variable2['low']))
rules.append(rule46)
rule47 = ctrl.Rule(antecedent=(input_variable1['high'] & input_variable2['high'] & input_variable3['low'] & input_variable4['low'] & input_variable5['low'] & input_variable6['medium']), consequent=(output_variable1['low'], output_variable2['low']))
rules.append(rule47)
rule48 = ctrl.Rule(antecedent=(input_variable1['medium'] & input_variable2['low'] & input_variable3['high'] & input_variable4['high'] & input_variable5['medium'] & input_variable6['high']), consequent=(output_variable1['low'], output_variable2['low']))
rules.append(rule48)
rule49 = ctrl.Rule(antecedent=(input_variable1['low'] & input_variable2['high'] & input_variable3['low'] & input_variable4['medium'] & input_variable5['medium'] & input_variable6['high']), consequent=(output_variable1['low'], output_variable2['low']))
rules.append(rule49)
rule50 = ctrl.Rule(antecedent=(input_variable1['medium'] & input_variable2['low'] & input_variable3['low'] & input_variable4['high'] & input_variable5['medium'] & input_variable6['medium']), consequent=(output_variable1['low'], output_variable2['low']))
rules.append(rule50)
rule51 = ctrl.Rule(antecedent=(input_variable1['low'] & input_variable2['medium'] & input_variable3['high'] & input_variable4['low'] & input_variable5['medium'] & input_variable6['high']), consequent=(output_variable1['low'], output_variable2['low']))
rules.append(rule51)
rule52 = ctrl.Rule(antecedent=(input_variable1['low'] & input_variable2['high'] & input_variable3['medium'] & input_variable4['high'] & input_variable5['high'] & input_variable6['medium']), consequent=(output_variable1['low'], output_variable2['low']))
rules.append(rule52)
rule53 = ctrl.Rule(antecedent=(input_variable1['medium'] & input_variable2['low'] & input_variable3['high'] & input_variable4['low'] & input_variable5['high'] & input_variable6['low']), consequent=(output_variable1['low'], output_variable2['low']))
rules.append(rule53)
rule54 = ctrl.Rule(antecedent=(input_variable1['medium'] & input_variable2['high'] & input_variable3['low'] & input_variable4['low'] & input_variable5['low'] & input_variable6['high']), consequent=(output_variable1['low'], output_variable2['low']))
rules.append(rule54)
rule55 = ctrl.Rule(antecedent=(input_variable1['high'] & input_variable2['low'] & input_variable3['low'] & input_variable4['high'] & input_variable5['low'] & input_variable6['high']), consequent=(output_variable1['low'], output_variable2['low']))
rules.append(rule55)
rule56 = ctrl.Rule(antecedent=(input_variable1['high'] & input_variable2['low'] & input_variable3['high'] & input_variable4['low'] & input_variable5['high'] & input_variable6['medium']), consequent=(output_variable1['low'], output_variable2['low']))
rules.append(rule56)
rule57 = ctrl.Rule(antecedent=(input_variable1['high'] & input_variable2['low'] & input_variable3['high'] & input_variable4['low'] & input_variable5['medium'] & input_variable6['low']), consequent=(output_variable1['low'], output_variable2['low']))
rules.append(rule57)
rule58 = ctrl.Rule(antecedent=(input_variable1['high'] & input_variable2['low'] & input_variable3['medium'] & input_variable4['medium'] & input_variable5['high'] & input_variable6['low']), consequent=(output_variable1['low'], output_variable2['low']))
rules.append(rule58)
rule59 = ctrl.Rule(antecedent=(input_variable1['low'] & input_variable2['medium'] & input_variable3['medium'] & input_variable4['high'] & input_variable5['high'] & input_variable6['low']), consequent=(output_variable1['low'], output_variable2['low']))
rules.append(rule59)
rule60 = ctrl.Rule(antecedent=(input_variable1['high'] & input_variable2['medium'] & input_variable3['high'] & input_variable4['high'] & input_variable5['low'] & input_variable6['low']), consequent=(output_variable1['low'], output_variable2['low']))
rules.append(rule60)
rule61 = ctrl.Rule(antecedent=(input_variable1['medium'] & input_variable2['low'] & input_variable3['high'] & input_variable4['low'] & input_variable5['low'] & input_variable6['low']), consequent=(output_variable1['low'], output_variable2['low']))
rules.append(rule61)
rule62 = ctrl.Rule(antecedent=(input_variable1['high'] & input_variable2['low'] & input_variable3['medium'] & input_variable4['medium'] & input_variable5['high'] & input_variable6['low']), consequent=(output_variable1['low'], output_variable2['low']))
rules.append(rule62)
rule63 = ctrl.Rule(antecedent=(input_variable1['low'] & input_variable2['low'] & input_variable3['high'] & input_variable4['medium'] & input_variable5['high'] & input_variable6['high']), consequent=(output_variable1['low'], output_variable2['low']))
rules.append(rule63)
rule64 = ctrl.Rule(antecedent=(input_variable1['high'] & input_variable2['low'] & input_variable3['medium'] & input_variable4['high'] & input_variable5['low'] & input_variable6['low']), consequent=(output_variable1['low'], output_variable2['low']))
rules.append(rule64)
rule65 = ctrl.Rule(antecedent=(input_variable1['high'] & input_variable2['low'] & input_variable3['high'] & input_variable4['high'] & input_variable5['high'] & input_variable6['medium']), consequent=(output_variable1['low'], output_variable2['low']))
rules.append(rule65)
rule66 = ctrl.Rule(antecedent=(input_variable1['high'] & input_variable2['low'] & input_variable3['high'] & input_variable4['medium'] & input_variable5['high'] & input_variable6['medium']), consequent=(output_variable1['low'], output_variable2['low']))
rules.append(rule66)
rule67 = ctrl.Rule(antecedent=(input_variable1['low'] & input_variable2['high'] & input_variable3['high'] & input_variable4['medium'] & input_variable5['high'] & input_variable6['medium']), consequent=(output_variable1['low'], output_variable2['low']))
rules.append(rule67)
rule68 = ctrl.Rule(antecedent=(input_variable1['medium'] & input_variable2['low'] & input_variable3['high'] & input_variable4['high'] & input_variable5['low'] & input_variable6['medium']), consequent=(output_variable1['low'], output_variable2['low']))
rules.append(rule68)
rule69 = ctrl.Rule(antecedent=(input_variable1['low'] & input_variable2['low'] & input_variable3['high'] & input_variable4['medium'] & input_variable5['low'] & input_variable6['low']), consequent=(output_variable1['low'], output_variable2['low']))
rules.append(rule69)
rule70 = ctrl.Rule(antecedent=(input_variable1['low'] & input_variable2['high'] & input_variable3['low'] & input_variable4['high'] & input_variable5['high'] & input_variable6['medium']), consequent=(output_variable1['low'], output_variable2['low']))
rules.append(rule70)
rule71 = ctrl.Rule(antecedent=(input_variable1['high'] & input_variable2['high'] & input_variable3['high'] & input_variable4['high'] & input_variable5['medium'] & input_variable6['medium']), consequent=(output_variable1['low'], output_variable2['low']))
rules.append(rule71)
rule72 = ctrl.Rule(antecedent=(input_variable1['medium'] & input_variable2['high'] & input_variable3['low'] & input_variable4['high'] & input_variable5['medium'] & input_variable6['medium']), consequent=(output_variable1['low'], output_variable2['low']))
rules.append(rule72)
rule73 = ctrl.Rule(antecedent=(input_variable1['medium'] & input_variable2['medium'] & input_variable3['medium'] & input_variable4['medium'] & input_variable5['high'] & input_variable6['low']), consequent=(output_variable1['low'], output_variable2['low']))
rules.append(rule73)
rule74 = ctrl.Rule(antecedent=(input_variable1['high'] & input_variable2['high'] & input_variable3['medium'] & input_variable4['low'] & input_variable5['low'] & input_variable6['low']), consequent=(output_variable1['low'], output_variable2['low']))
rules.append(rule74)
rule75 = ctrl.Rule(antecedent=(input_variable1['high'] & input_variable2['medium'] & input_variable3['low'] & input_variable4['high'] & input_variable5['medium'] & input_variable6['medium']), consequent=(output_variable1['low'], output_variable2['low']))
rules.append(rule75)
rule76 = ctrl.Rule(antecedent=(input_variable1['low'] & input_variable2['high'] & input_variable3['medium'] & input_variable4['low'] & input_variable5['high'] & input_variable6['low']), consequent=(output_variable1['low'], output_variable2['low']))
rules.append(rule76)
rule77 = ctrl.Rule(antecedent=(input_variable1['low'] & input_variable2['high'] & input_variable3['medium'] & input_variable4['high'] & input_variable5['high'] & input_variable6['medium']), consequent=(output_variable1['low'], output_variable2['low']))
rules.append(rule77)
rule78 = ctrl.Rule(antecedent=(input_variable1['low'] & input_variable2['medium'] & input_variable3['low'] & input_variable4['medium'] & input_variable5['medium'] & input_variable6['high']), consequent=(output_variable1['low'], output_variable2['low']))
rules.append(rule78)
rule79 = ctrl.Rule(antecedent=(input_variable1['high'] & input_variable2['low'] & input_variable3['medium'] & input_variable4['low'] & input_variable5['medium'] & input_variable6['medium']), consequent=(output_variable1['low'], output_variable2['low']))
rules.append(rule79)
rule80 = ctrl.Rule(antecedent=(input_variable1['high'] & input_variable2['high'] & input_variable3['medium'] & input_variable4['medium'] & input_variable5['medium'] & input_variable6['high']), consequent=(output_variable1['low'], output_variable2['low']))
rules.append(rule80)
rule81 = ctrl.Rule(antecedent=(input_variable1['high'] & input_variable2['high'] & input_variable3['medium'] & input_variable4['medium'] & input_variable5['high'] & input_variable6['medium']), consequent=(output_variable1['low'], output_variable2['low']))
rules.append(rule81)
rule82 = ctrl.Rule(antecedent=(input_variable1['medium'] & input_variable2['medium'] & input_variable3['high'] & input_variable4['high'] & input_variable5['high'] & input_variable6['high']), consequent=(output_variable1['low'], output_variable2['low']))
rules.append(rule82)
rule83 = ctrl.Rule(antecedent=(input_variable1['high'] & input_variable2['high'] & input_variable3['medium'] & input_variable4['low'] & input_variable5['low'] & input_variable6['low']), consequent=(output_variable1['low'], output_variable2['low']))
rules.append(rule83)
rule84 = ctrl.Rule(antecedent=(input_variable1['medium'] & input_variable2['high'] & input_variable3['low'] & input_variable4['medium'] & input_variable5['high'] & input_variable6['medium']), consequent=(output_variable1['low'], output_variable2['low']))
rules.append(rule84)
rule85 = ctrl.Rule(antecedent=(input_variable1['low'] & input_variable2['medium'] & input_variable3['high'] & input_variable4['high'] & input_variable5['low'] & input_variable6['low']), consequent=(output_variable1['low'], output_variable2['low']))
rules.append(rule85)
rule86 = ctrl.Rule(antecedent=(input_variable1['medium'] & input_variable2['low'] & input_variable3['medium'] & input_variable4['high'] & input_variable5['high'] & input_variable6['medium']), consequent=(output_variable1['low'], output_variable2['low']))
rules.append(rule86)
rule87 = ctrl.Rule(antecedent=(input_variable1['low'] & input_variable2['medium'] & input_variable3['high'] & input_variable4['high'] & input_variable5['low'] & input_variable6['medium']), consequent=(output_variable1['low'], output_variable2['low']))
rules.append(rule87)
rule88 = ctrl.Rule(antecedent=(input_variable1['low'] & input_variable2['low'] & input_variable3['medium'] & input_variable4['low'] & input_variable5['low'] & input_variable6['low']), consequent=(output_variable1['low'], output_variable2['low']))
rules.append(rule88)
rule89 = ctrl.Rule(antecedent=(input_variable1['high'] & input_variable2['low'] & input_variable3['high'] & input_variable4['high'] & input_variable5['high'] & input_variable6['medium']), consequent=(output_variable1['low'], output_variable2['low']))
rules.append(rule89)
rule90 = ctrl.Rule(antecedent=(input_variable1['medium'] & input_variable2['medium'] & input_variable3['high'] & input_variable4['low'] & input_variable5['medium'] & input_variable6['high']), consequent=(output_variable1['low'], output_variable2['low']))
rules.append(rule90)
rule91 = ctrl.Rule(antecedent=(input_variable1['high'] & input_variable2['high'] & input_variable3['low'] & input_variable4['medium'] & input_variable5['high'] & input_variable6['low']), consequent=(output_variable1['low'], output_variable2['low']))
rules.append(rule91)
rule92 = ctrl.Rule(antecedent=(input_variable1['medium'] & input_variable2['high'] & input_variable3['high'] & input_variable4['high'] & input_variable5['low'] & input_variable6['medium']), consequent=(output_variable1['low'], output_variable2['low']))
rules.append(rule92)
rule93 = ctrl.Rule(antecedent=(input_variable1['medium'] & input_variable2['low'] & input_variable3['high'] & input_variable4['high'] & input_variable5['low'] & input_variable6['high']), consequent=(output_variable1['low'], output_variable2['low']))
rules.append(rule93)
rule94 = ctrl.Rule(antecedent=(input_variable1['high'] & input_variable2['high'] & input_variable3['high'] & input_variable4['high'] & input_variable5['low'] & input_variable6['high']), consequent=(output_variable1['low'], output_variable2['low']))
rules.append(rule94)
rule95 = ctrl.Rule(antecedent=(input_variable1['high'] & input_variable2['high'] & input_variable3['low'] & input_variable4['medium'] & input_variable5['medium'] & input_variable6['medium']), consequent=(output_variable1['low'], output_variable2['low']))
rules.append(rule95)
rule96 = ctrl.Rule(antecedent=(input_variable1['low'] & input_variable2['low'] & input_variable3['low'] & input_variable4['medium'] & input_variable5['high'] & input_variable6['low']), consequent=(output_variable1['low'], output_variable2['low']))
rules.append(rule96)
rule97 = ctrl.Rule(antecedent=(input_variable1['low'] & input_variable2['high'] & input_variable3['high'] & input_variable4['high'] & input_variable5['low'] & input_variable6['high']), consequent=(output_variable1['low'], output_variable2['low']))
rules.append(rule97)
rule98 = ctrl.Rule(antecedent=(input_variable1['medium'] & input_variable2['high'] & input_variable3['low'] & input_variable4['high'] & input_variable5['medium'] & input_variable6['medium']), consequent=(output_variable1['low'], output_variable2['low']))
rules.append(rule98)
rule99 = ctrl.Rule(antecedent=(input_variable1['high'] & input_variable2['high'] & input_variable3['high'] & input_variable4['medium'] & input_variable5['medium'] & input_variable6['low']), consequent=(output_variable1['low'], output_variable2['low']))
rules.append(rule99)
rule100 = ctrl.Rule(antecedent=(input_variable1['medium'] & input_variable2['high'] & input_variable3['low'] & input_variable4['high'] & input_variable5['low'] & input_variable6['high']), consequent=(output_variable1['low'], output_variable2['low']))
rules.append(rule100)
rule101 = ctrl.Rule(antecedent=(input_variable1['medium'] & input_variable2['medium'] & input_variable3['low'] & input_variable4['low'] & input_variable5['low'] & input_variable6['medium']), consequent=(output_variable1['low'], output_variable2['low']))
rules.append(rule101)
rule102 = ctrl.Rule(antecedent=(input_variable1['medium'] & input_variable2['high'] & input_variable3['low'] & input_variable4['medium'] & input_variable5['medium'] & input_variable6['medium']), consequent=(output_variable1['low'], output_variable2['low']))
rules.append(rule102)
rule103 = ctrl.Rule(antecedent=(input_variable1['medium'] & input_variable2['low'] & input_variable3['high'] & input_variable4['medium'] & input_variable5['low'] & input_variable6['high']), consequent=(output_variable1['low'], output_variable2['low']))
rules.append(rule103)
rule104 = ctrl.Rule(antecedent=(input_variable1['low'] & input_variable2['medium'] & input_variable3['low'] & input_variable4['low'] & input_variable5['medium'] & input_variable6['high']), consequent=(output_variable1['low'], output_variable2['low']))
rules.append(rule104)
rule105 = ctrl.Rule(antecedent=(input_variable1['medium'] & input_variable2['high'] & input_variable3['medium'] & input_variable4['medium'] & input_variable5['medium'] & input_variable6['low']), consequent=(output_variable1['low'], output_variable2['low']))
rules.append(rule105)
rule106 = ctrl.Rule(antecedent=(input_variable1['medium'] & input_variable2['low'] & input_variable3['low'] & input_variable4['high'] & input_variable5['low'] & input_variable6['medium']), consequent=(output_variable1['low'], output_variable2['low']))
rules.append(rule106)
rule107 = ctrl.Rule(antecedent=(input_variable1['low'] & input_variable2['low'] & input_variable3['high'] & input_variable4['low'] & input_variable5['medium'] & input_variable6['medium']), consequent=(output_variable1['low'], output_variable2['low']))
rules.append(rule107)
rule108 = ctrl.Rule(antecedent=(input_variable1['low'] & input_variable2['low'] & input_variable3['low'] & input_variable4['medium'] & input_variable5['low'] & input_variable6['low']), consequent=(output_variable1['low'], output_variable2['low']))
rules.append(rule108)
rule109 = ctrl.Rule(antecedent=(input_variable1['low'] & input_variable2['high'] & input_variable3['low'] & input_variable4['low'] & input_variable5['medium'] & input_variable6['high']), consequent=(output_variable1['low'], output_variable2['low']))
rules.append(rule109)
rule110 = ctrl.Rule(antecedent=(input_variable1['low'] & input_variable2['medium'] & input_variable3['medium'] & input_variable4['medium'] & input_variable5['medium'] & input_variable6['medium']), consequent=(output_variable1['low'], output_variable2['low']))
rules.append(rule110)
rule111 = ctrl.Rule(antecedent=(input_variable1['low'] & input_variable2['low'] & input_variable3['high'] & input_variable4['high'] & input_variable5['medium'] & input_variable6['low']), consequent=(output_variable1['low'], output_variable2['low']))
rules.append(rule111)
rule112 = ctrl.Rule(antecedent=(input_variable1['high'] & input_variable2['medium'] & input_variable3['medium'] & input_variable4['low'] & input_variable5['high'] & input_variable6['high']), consequent=(output_variable1['low'], output_variable2['low']))
rules.append(rule112)
rule113 = ctrl.Rule(antecedent=(input_variable1['low'] & input_variable2['high'] & input_variable3['medium'] & input_variable4['high'] & input_variable5['high'] & input_variable6['low']), consequent=(output_variable1['low'], output_variable2['low']))
rules.append(rule113)
rule114 = ctrl.Rule(antecedent=(input_variable1['medium'] & input_variable2['low'] & input_variable3['medium'] & input_variable4['high'] & input_variable5['low'] & input_variable6['high']), consequent=(output_variable1['low'], output_variable2['low']))
rules.append(rule114)
rule115 = ctrl.Rule(antecedent=(input_variable1['low'] & input_variable2['low'] & input_variable3['high'] & input_variable4['low'] & input_variable5['medium'] & input_variable6['medium']), consequent=(output_variable1['low'], output_variable2['low']))
rules.append(rule115)
rule116 = ctrl.Rule(antecedent=(input_variable1['low'] & input_variable2['low'] & input_variable3['low'] & input_variable4['medium'] & input_variable5['medium'] & input_variable6['low']), consequent=(output_variable1['low'], output_variable2['low']))
rules.append(rule116)
rule117 = ctrl.Rule(antecedent=(input_variable1['medium'] & input_variable2['high'] & input_variable3['low'] & input_variable4['medium'] & input_variable5['high'] & input_variable6['medium']), consequent=(output_variable1['low'], output_variable2['low']))
rules.append(rule117)
rule118 = ctrl.Rule(antecedent=(input_variable1['high'] & input_variable2['low'] & input_variable3['low'] & input_variable4['high'] & input_variable5['high'] & input_variable6['low']), consequent=(output_variable1['low'], output_variable2['low']))
rules.append(rule118)
rule119 = ctrl.Rule(antecedent=(input_variable1['low'] & input_variable2['medium'] & input_variable3['medium'] & input_variable4['low'] & input_variable5['medium'] & input_variable6['high']), consequent=(output_variable1['low'], output_variable2['low']))
rules.append(rule119)
rule120 = ctrl.Rule(antecedent=(input_variable1['medium'] & input_variable2['medium'] & input_variable3['low'] & input_variable4['high'] & input_variable5['high'] & input_variable6['medium']), consequent=(output_variable1['low'], output_variable2['low']))
rules.append(rule120)
rule121 = ctrl.Rule(antecedent=(input_variable1['medium'] & input_variable2['low'] & input_variable3['high'] & input_variable4['medium'] & input_variable5['high'] & input_variable6['low']), consequent=(output_variable1['low'], output_variable2['low']))
rules.append(rule121)
rule122 = ctrl.Rule(antecedent=(input_variable1['high'] & input_variable2['high'] & input_variable3['low'] & input_variable4['low'] & input_variable5['medium'] & input_variable6['medium']), consequent=(output_variable1['low'], output_variable2['low']))
rules.append(rule122)
rule123 = ctrl.Rule(antecedent=(input_variable1['low'] & input_variable2['medium'] & input_variable3['low'] & input_variable4['high'] & input_variable5['low'] & input_variable6['low']), consequent=(output_variable1['low'], output_variable2['low']))
rules.append(rule123)
rule124 = ctrl.Rule(antecedent=(input_variable1['medium'] & input_variable2['high'] & input_variable3['low'] & input_variable4['medium'] & input_variable5['medium'] & input_variable6['low']), consequent=(output_variable1['low'], output_variable2['low']))
rules.append(rule124)
rule125 = ctrl.Rule(antecedent=(input_variable1['low'] & input_variable2['low'] & input_variable3['medium'] & input_variable4['medium'] & input_variable5['low'] & input_variable6['high']), consequent=(output_variable1['low'], output_variable2['low']))
rules.append(rule125)
rule126 = ctrl.Rule(antecedent=(input_variable1['high'] & input_variable2['low'] & input_variable3['high'] & input_variable4['low'] & input_variable5['high'] & input_variable6['low']), consequent=(output_variable1['low'], output_variable2['low']))
rules.append(rule126)
rule127 = ctrl.Rule(antecedent=(input_variable1['high'] & input_variable2['low'] & input_variable3['high'] & input_variable4['high'] & input_variable5['medium'] & input_variable6['low']), consequent=(output_variable1['low'], output_variable2['low']))
rules.append(rule127)
rule128 = ctrl.Rule(antecedent=(input_variable1['high'] & input_variable2['low'] & input_variable3['medium'] & input_variable4['high'] & input_variable5['low'] & input_variable6['high']), consequent=(output_variable1['low'], output_variable2['low']))
rules.append(rule128)
rule129 = ctrl.Rule(antecedent=(input_variable1['high'] & input_variable2['medium'] & input_variable3['medium'] & input_variable4['low'] & input_variable5['high'] & input_variable6['low']), consequent=(output_variable1['low'], output_variable2['low']))
rules.append(rule129)
rule130 = ctrl.Rule(antecedent=(input_variable1['high'] & input_variable2['medium'] & input_variable3['medium'] & input_variable4['medium'] & input_variable5['low'] & input_variable6['medium']), consequent=(output_variable1['low'], output_variable2['low']))
rules.append(rule130)
rule131 = ctrl.Rule(antecedent=(input_variable1['medium'] & input_variable2['high'] & input_variable3['low'] & input_variable4['low'] & input_variable5['high'] & input_variable6['medium']), consequent=(output_variable1['low'], output_variable2['low']))
rules.append(rule131)
rule132 = ctrl.Rule(antecedent=(input_variable1['medium'] & input_variable2['low'] & input_variable3['high'] & input_variable4['medium'] & input_variable5['low'] & input_variable6['high']), consequent=(output_variable1['low'], output_variable2['low']))
rules.append(rule132)
rule133 = ctrl.Rule(antecedent=(input_variable1['low'] & input_variable2['low'] & input_variable3['high'] & input_variable4['low'] & input_variable5['medium'] & input_variable6['low']), consequent=(output_variable1['low'], output_variable2['low']))
rules.append(rule133)
rule134 = ctrl.Rule(antecedent=(input_variable1['high'] & input_variable2['medium'] & input_variable3['medium'] & input_variable4['medium'] & input_variable5['medium'] & input_variable6['high']), consequent=(output_variable1['low'], output_variable2['low']))
rules.append(rule134)
rule135 = ctrl.Rule(antecedent=(input_variable1['high'] & input_variable2['high'] & input_variable3['high'] & input_variable4['medium'] & input_variable5['high'] & input_variable6['high']), consequent=(output_variable1['low'], output_variable2['low']))
rules.append(rule135)
rule136 = ctrl.Rule(antecedent=(input_variable1['high'] & input_variable2['low'] & input_variable3['medium'] & input_variable4['medium'] & input_variable5['medium'] & input_variable6['low']), consequent=(output_variable1['low'], output_variable2['low']))
rules.append(rule136)
rule137 = ctrl.Rule(antecedent=(input_variable1['medium'] & input_variable2['medium'] & input_variable3['high'] & input_variable4['high'] & input_variable5['high'] & input_variable6['low']), consequent=(output_variable1['low'], output_variable2['low']))
rules.append(rule137)
rule138 = ctrl.Rule(antecedent=(input_variable1['medium'] & input_variable2['high'] & input_variable3['high'] & input_variable4['medium'] & input_variable5['low'] & input_variable6['high']), consequent=(output_variable1['low'], output_variable2['low']))
rules.append(rule138)
rule139 = ctrl.Rule(antecedent=(input_variable1['high'] & input_variable2['low'] & input_variable3['medium'] & input_variable4['high'] & input_variable5['high'] & input_variable6['high']), consequent=(output_variable1['low'], output_variable2['low']))
rules.append(rule139)
rule140 = ctrl.Rule(antecedent=(input_variable1['medium'] & input_variable2['high'] & input_variable3['high'] & input_variable4['low'] & input_variable5['high'] & input_variable6['high']), consequent=(output_variable1['low'], output_variable2['low']))
rules.append(rule140)
rule141 = ctrl.Rule(antecedent=(input_variable1['high'] & input_variable2['medium'] & input_variable3['low'] & input_variable4['high'] & input_variable5['low'] & input_variable6['high']), consequent=(output_variable1['low'], output_variable2['low']))
rules.append(rule141)
rule142 = ctrl.Rule(antecedent=(input_variable1['low'] & input_variable2['high'] & input_variable3['medium'] & input_variable4['low'] & input_variable5['high'] & input_variable6['high']), consequent=(output_variable1['low'], output_variable2['low']))
rules.append(rule142)
rule143 = ctrl.Rule(antecedent=(input_variable1['low'] & input_variable2['high'] & input_variable3['low'] & input_variable4['low'] & input_variable5['high'] & input_variable6['high']), consequent=(output_variable1['low'], output_variable2['low']))
rules.append(rule143)
rule144 = ctrl.Rule(antecedent=(input_variable1['high'] & input_variable2['medium'] & input_variable3['low'] & input_variable4['low'] & input_variable5['high'] & input_variable6['low']), consequent=(output_variable1['low'], output_variable2['low']))
rules.append(rule144)
rule145 = ctrl.Rule(antecedent=(input_variable1['high'] & input_variable2['low'] & input_variable3['medium'] & input_variable4['high'] & input_variable5['high'] & input_variable6['high']), consequent=(output_variable1['low'], output_variable2['low']))
rules.append(rule145)
rule146 = ctrl.Rule(antecedent=(input_variable1['medium'] & input_variable2['medium'] & input_variable3['medium'] & input_variable4['low'] & input_variable5['low'] & input_variable6['high']), consequent=(output_variable1['low'], output_variable2['low']))
rules.append(rule146)
rule147 = ctrl.Rule(antecedent=(input_variable1['high'] & input_variable2['low'] & input_variable3['high'] & input_variable4['medium'] & input_variable5['low'] & input_variable6['medium']), consequent=(output_variable1['low'], output_variable2['low']))
rules.append(rule147)
rule148 = ctrl.Rule(antecedent=(input_variable1['low'] & input_variable2['medium'] & input_variable3['high'] & input_variable4['medium'] & input_variable5['medium'] & input_variable6['medium']), consequent=(output_variable1['low'], output_variable2['low']))
rules.append(rule148)
rule149 = ctrl.Rule(antecedent=(input_variable1['high'] & input_variable2['low'] & input_variable3['low'] & input_variable4['high'] & input_variable5['high'] & input_variable6['medium']), consequent=(output_variable1['low'], output_variable2['low']))
rules.append(rule149)
rule150 = ctrl.Rule(antecedent=(input_variable1['low'] & input_variable2['low'] & input_variable3['high'] & input_variable4['medium'] & input_variable5['low'] & input_variable6['high']), consequent=(output_variable1['low'], output_variable2['low']))
rules.append(rule150)
