id,product_code,total_carrier,total_shelf_age,total_cost,total_price,total_wage,total_order,total_different_day_timestamp,maximum_demand,average_demand,minimum_demand,maximum_flow,average_flow,minimum_flow,frequency
1,RB11B110,1564,23334,10009600.0,11104400.0,1094800.0,1109,343,14,4.559766763848397,1,4,1.4102795311091072,1,0.9397260273972603
2,RB12B125,1533,22841,11957400.0,13183800.0,1226400.0,1120,350,15,4.38,1,6,1.36875,1,0.958904109589041
3,RB144016,1452,21612,11470800.0,12632400.0,1161600.0,1065,347,16,4.184438040345821,1,4,1.3633802816901408,1,0.9506849315068493
4,RB50RB50,1525,22827,5795000.0,6405000.0,610000.0,1120,353,15,4.3201133144475925,1,5,1.3616071428571428,1,0.9671232876712329
5,RB63RB63,1521,23407,8213400.0,9126000.0,912600.0,1114,351,15,4.333333333333333,1,5,1.3653500897666069,1,0.9616438356164384
6,RB75RB75,1512,22692,14666400.0,16178400.0,1512000.0,1091,348,20,4.344827586206897,1,5,1.385884509624198,1,0.9534246575342465
7,RB90RB90,1512,22420,3175200.0,3628800.0,453600.0,1111,352,15,4.295454545454546,1,5,1.3609360936093609,1,0.9643835616438357
8,RDB1B110,1492,23199,8653600.0,9548800.0,895200.0,1081,353,16,4.2266288951841355,1,5,1.3802035152636447,1,0.9671232876712329
9,RDB2DB20,1466,22076,7036800.0,7769800.0,733000.0,1079,347,12,4.22478386167147,1,5,1.3586654309545876,1,0.9506849315068493
10,RDB2DB25,1567,23525,6738100.0,7521600.0,783500.0,1135,352,16,4.451704545454546,1,5,1.3806167400881058,1,0.9643835616438357
11,RDB3DB32,1429,21527,7002100.0,7716600.0,714500.0,1063,345,13,4.142028985507246,1,5,1.3443085606773284,1,0.9452054794520548
12,RDB4DB40,1472,22219,2796800.0,3091200.0,294400.0,1056,347,14,4.24207492795389,1,5,1.393939393939394,1,0.9506849315068493
13,RDB5DB50,1551,23784,5583600.0,6204000.0,620400.0,1123,356,14,4.356741573033708,1,5,1.3811219946571682,1,0.9753424657534246
14,RDB6DB63,1536,22708,4608000.0,5068800.0,460800.0,1109,349,17,4.401146131805158,1,6,1.3850315599639316,1,0.9561643835616438
15,RDB7DB75,1492,22253,7907600.0,8802800.0,895200.0,1101,353,15,4.2266288951841355,1,6,1.3551316984559492,1,0.9671232876712329
16,RDB9DB90,1498,22503,2396800.0,2696400.0,299600.0,1070,345,16,4.3420289855072465,1,4,1.4,1,0.9452054794520548
17,RDKT1050,1495,22422,10913500.0,12109500.0,1196000.0,1101,354,16,4.22316384180791,1,6,1.357856494096276,1,0.9698630136986301
18,RDKT4020,1515,22811,10453500.0,11514000.0,1060500.0,1111,349,13,4.340974212034384,1,4,1.3636363636363635,1,0.9561643835616438
19,RDKT5020,1488,22436,9969600.0,11011200.0,1041600.0,1100,353,14,4.215297450424929,1,4,1.3527272727272728,1,0.9671232876712329
20,RDKT5025,1487,22533,9665500.0,10706400.0,1040900.0,1114,361,15,4.119113573407202,1,5,1.3348294434470378,1,0.989041095890411
21,RDKT6320,1504,22475,6768000.0,7520000.0,752000.0,1112,352,13,4.2727272727272725,1,5,1.3525179856115108,1,0.9643835616438357
22,RDKT6325,1484,22393,7123200.0,7865200.0,742000.0,1113,352,12,4.215909090909091,1,6,1.3333333333333333,1,0.9643835616438357
23,RDKT6332,1455,21511,10476000.0,11640000.0,1164000.0,1080,349,15,4.169054441260745,1,6,1.3472222222222223,1,0.9561643835616438
24,RDKT7525,1450,21752,7250000.0,7975000.0,725000.0,1092,352,14,4.119318181818182,1,5,1.3278388278388278,1,0.9643835616438357
25,RDKT7532,1508,22764,5127200.0,5730400.0,603200.0,1102,353,11,4.2719546742209635,1,6,1.368421052631579,1,0.9671232876712329
26,RDKT7540,1471,21943,11326700.0,12503500.0,1176800.0,1092,353,15,4.1671388101983,1,4,1.3470695970695972,1,0.9671232876712329
27,RDKT9020,1495,22385,6279000.0,7026500.0,747500.0,1125,351,16,4.2592592592592595,1,5,1.3288888888888888,1,0.9616438356164384
28,RDKT9025,1532,23550,8885600.0,9804800.0,919200.0,1116,352,13,4.3522727272727275,1,5,1.3727598566308243,1,0.9643835616438357
29,RDKT9040,1532,22949,11183600.0,12409200.0,1225600.0,1119,352,14,4.3522727272727275,1,5,1.3690795352993745,1,0.9643835616438357
30,ROT2OT20,1474,21552,3979800.0,4422000.0,442200.0,1084,344,16,4.284883720930233,1,5,1.3597785977859778,1,0.9424657534246575
31,ROT2OT25,1543,23103,5554800.0,6172000.0,617200.0,1139,354,15,4.358757062146893,1,5,1.3546971027216856,1,0.9698630136986301
32,RV20RV20,1440,21729,360000000.0,396000000.0,36000000.0,1075,349,16,4.126074498567335,1,5,1.3395348837209302,1,0.9561643835616438
33,RV25RV25,1589,22883,715050000.0,786555000.0,71505000.0,1155,350,13,4.54,1,6,1.3757575757575757,1,0.958904109589041
34,RV32RV32,1495,22406,672750000.0,740025000.0,67275000.0,1091,349,12,4.283667621776504,1,6,1.370302474793767,1,0.9561643835616438
35,RV40RV40,1473,22373,736500000.0,810150000.0,73650000.0,1099,349,16,4.2206303724928365,1,6,1.3403093721565058,1,0.9561643835616438
36,RV50RV50,1525,22663,244000000.0,268400000.0,24400000.0,1132,347,15,4.394812680115273,1,5,1.3471731448763251,1,0.9506849315068493
37,RVC2VC20,1482,22611,355680000.0,391248000.0,35568000.0,1066,350,16,4.234285714285714,1,5,1.3902439024390243,1,0.958904109589041
38,RVC2VC25,1454,21407,218100000.0,239910000.0,21810000.0,1094,351,16,4.1424501424501425,1,6,1.3290676416819014,1,0.9616438356164384
39,RVC3VC32,1456,21877,538720000.0,592592000.0,53872000.0,1102,354,20,4.112994350282486,1,4,1.3212341197822142,1,0.9698630136986301
40,RVC4VC40,1508,22992,482560000.0,530816000.0,48256000.0,1092,346,17,4.358381502890174,1,6,1.380952380952381,1,0.947945205479452
41,RVC5VC50,1427,21128,299670000.0,329637000.0,29967000.0,1024,347,16,4.112391930835735,1,6,1.3935546875,1,0.9506849315068493
42,RVC6VC63,1494,22546,283860000.0,312246000.0,28386000.0,1098,351,17,4.256410256410256,1,7,1.360655737704918,1,0.9616438356164384
43,RZC22010,1541,22592,6164000.0,6780400.0,616400.0,1122,348,15,4.42816091954023,1,6,1.3734402852049912,1,0.9534246575342465
44,RZC22510,1425,21802,12825000.0,14107500.0,1282500.0,1080,346,14,4.118497109826589,1,5,1.3194444444444444,1,0.947945205479452
45,RZC33210,1554,23665,13675200.0,15073800.0,1398600.0,1119,351,17,4.427350427350428,1,8,1.388739946380697,1,0.9616438356164384
46,RZC4C408,1462,21759,4093600.0,4532200.0,438600.0,1074,340,12,4.3,1,6,1.361266294227188,1,0.9315068493150684
47,RZC5C506,1531,22737,3674400.0,4133700.0,459300.0,1118,347,14,4.412103746397695,1,5,1.3694096601073344,1,0.9506849315068493
48,RZC6C636,1487,21885,9962900.0,11003800.0,1040900.0,1080,350,15,4.248571428571428,1,6,1.3768518518518518,1,0.958904109589041
49,RZRNRN20,1503,22443,9769500.0,10821600.0,1052100.0,1095,347,13,4.3314121037463975,1,6,1.3726027397260274,1,0.9506849315068493
50,RZRNRN25,1451,21662,6529500.0,7255000.0,725500.0,1073,346,20,4.19364161849711,1,5,1.352283317800559,1,0.947945205479452
51,RZRNRN32,1490,22577,4321000.0,4768000.0,447000.0,1107,349,14,4.269340974212034,1,5,1.3459801264679314,1,0.9561643835616438
52,RZRNRN40,1548,22926,13003200.0,14396400.0,1393200.0,1109,351,14,4.410256410256411,1,5,1.3958521190261497,1,0.9616438356164384
53,RZRNRN50,1539,22815,10619100.0,11696400.0,1077300.0,1125,349,15,4.409742120343839,1,7,1.368,1,0.9561643835616438
54,RZRNRN63,1475,22512,9440000.0,10472500.0,1032500.0,1074,349,13,4.226361031518625,1,5,1.3733705772811917,1,0.9561643835616438
55,RZRTRT20,1446,22417,4338000.0,4771800.0,433800.0,1064,344,13,4.203488372093023,1,6,1.3590225563909775,1,0.9424657534246575
56,RZRTRT25,1468,21814,10422800.0,11597200.0,1174400.0,1086,350,15,4.194285714285714,1,5,1.3517495395948436,1,0.958904109589041
57,RZRTRT32,1536,22998,14592000.0,16128000.0,1536000.0,1137,347,13,4.426512968299712,1,5,1.3509234828496042,1,0.9506849315068493
58,RZRTRT40,1566,24301,2035800.0,2349000.0,313200.0,1119,354,16,4.423728813559322,1,5,1.3994638069705094,1,0.9698630136986301
59,RZRTRT50,1497,22222,8832300.0,9730500.0,898200.0,1106,351,15,4.264957264957265,1,6,1.3535262206148282,1,0.9616438356164384
60,RZRTRT63,1452,21739,8712000.0,9583200.0,871200.0,1075,345,15,4.208695652173913,1,5,1.3506976744186046,1,0.9452054794520548
61,RL11L110,1512,22978,15120000.0,16632000.0,1512000.0,1118,352,13,4.295454545454546,1,5,1.3524150268336315,1,0.9643835616438357
62,RL20RL20,1531,22619,4439900.0,4899200.0,459300.0,1108,347,15,4.412103746397695,1,5,1.3817689530685922,1,0.9506849315068493
63,RL25RL25,1416,21385,3964800.0,4389600.0,424800.0,1046,349,14,4.0573065902578795,1,5,1.3537284894837476,1,0.9561643835616438
64,RL32RL32,1581,24646,3320100.0,3794400.0,474300.0,1162,355,16,4.453521126760563,1,6,1.3605851979345955,1,0.9726027397260274
65,RL40RL40,1486,22354,3417800.0,3863600.0,445800.0,1093,349,14,4.257879656160458,1,5,1.3595608417200367,1,0.9561643835616438
66,RL50RL50,1463,22565,11996600.0,13313300.0,1316700.0,1077,353,14,4.144475920679887,1,5,1.3584029712163417,1,0.9671232876712329
67,RL63RL63,1474,21834,3979800.0,4422000.0,442200.0,1090,346,19,4.2601156069364166,1,5,1.3522935779816514,1,0.947945205479452
68,RL75RL75,1508,22925,13270400.0,14627600.0,1357200.0,1092,347,12,4.345821325648415,1,5,1.380952380952381,1,0.9506849315068493
69,RL90RL90,1518,22512,10018800.0,11081400.0,1062600.0,1121,354,17,4.288135593220339,1,5,1.3541480820695808,1,0.9698630136986301
70,RLKR51/2,1497,22587,11676600.0,12874200.0,1197600.0,1093,354,19,4.228813559322034,1,5,1.3696248856358646,1,0.9698630136986301
71,RLRNRN20,1499,22952,9593600.0,10642900.0,1049300.0,1100,349,12,4.29512893982808,1,5,1.3627272727272728,1,0.9561643835616438
72,RLRNRN25,1491,21881,3280200.0,3727500.0,447300.0,1077,349,14,4.2722063037249285,1,5,1.384401114206128,1,0.9561643835616438
73,RLRN51/2,1468,21470,4697600.0,5284800.0,587200.0,1085,352,14,4.170454545454546,1,5,1.3529953917050692,1,0.9643835616438357
74,RLRNRN32,1530,23247,13770000.0,15147000.0,1377000.0,1113,357,14,4.285714285714286,1,5,1.3746630727762803,1,0.9780821917808219
75,RLRTRT20,1512,22750,1965600.0,2268000.0,302400.0,1131,344,16,4.395348837209302,1,5,1.336870026525199,1,0.9424657534246575
76,RLRTRT25,1548,22886,14086800.0,15634800.0,1548000.0,1106,354,16,4.372881355932203,1,5,1.3996383363471971,1,0.9698630136986301
77,RLRT51/2,1536,23587,10905600.0,12134400.0,1228800.0,1112,349,17,4.401146131805158,1,4,1.381294964028777,1,0.9561643835616438
78,RLRTRT32,1546,23461,6184000.0,6802400.0,618400.0,1142,349,13,4.429799426934097,1,4,1.3537653239929948,1,0.9561643835616438
79,RLL1L110,1508,23213,13873600.0,15381600.0,1508000.0,1119,354,15,4.259887005649717,1,5,1.3476318141197499,1,0.9698630136986301
80,RLL2LL20,1521,22882,5475600.0,6084000.0,608400.0,1122,343,18,4.434402332361516,1,5,1.3556149732620322,1,0.9397260273972603
81,RLL2LL25,1500,22572,12000000.0,13200000.0,1200000.0,1087,349,15,4.2979942693409745,1,5,1.3799448022079117,1,0.9561643835616438
82,RLL3LL32,1531,22607,9492200.0,10563900.0,1071700.0,1130,349,14,4.386819484240688,1,5,1.3548672566371682,1,0.9561643835616438
83,RLL4LL40,1594,23710,6535400.0,7332400.0,797000.0,1141,352,15,4.528409090909091,1,6,1.3970201577563541,1,0.9643835616438357
84,RLL5LL50,1515,22308,10908000.0,12120000.0,1212000.0,1110,354,14,4.279661016949152,1,5,1.364864864864865,1,0.9698630136986301
85,RLL6LL63,1429,21317,10288800.0,11432000.0,1143200.0,1045,343,14,4.166180758017493,1,6,1.367464114832536,1,0.9397260273972603
86,RLL7LL75,1451,21307,5804000.0,6384400.0,580400.0,1073,351,13,4.133903133903134,1,6,1.352283317800559,1,0.9616438356164384
87,RLL9LL90,1517,22760,5612900.0,6219700.0,606800.0,1097,347,14,4.371757925072046,1,5,1.3828623518687329,1,0.9506849315068493
88,RN11N110,1533,23351,9198000.0,10117800.0,919800.0,1110,351,13,4.367521367521367,1,6,1.3810810810810812,1,0.9616438356164384
89,RN20RN20,1510,21860,4530000.0,4983000.0,453000.0,1125,349,17,4.326647564469914,1,6,1.3422222222222222,1,0.9561643835616438
90,RN25RN25,1563,23297,6095700.0,6720900.0,625200.0,1145,355,15,4.402816901408451,1,5,1.3650655021834062,1,0.9726027397260274
91,RN32RN32,1499,22897,9293800.0,10343100.0,1049300.0,1101,352,14,4.2585227272727275,1,5,1.3614895549500454,1,0.9643835616438357
92,RN40RN40,1487,22330,7435000.0,8178500.0,743500.0,1074,354,14,4.200564971751413,1,5,1.3845437616387337,1,0.9698630136986301
93,RN50RN50,1414,21267,4383400.0,4949000.0,565600.0,1062,347,13,4.07492795389049,1,5,1.3314500941619585,1,0.9506849315068493
94,RN63RN63,1514,22414,5904600.0,6510200.0,605600.0,1118,357,15,4.240896358543417,1,4,1.3542039355992845,1,0.9780821917808219
95,RN75RN75,1528,23601,14668800.0,16196800.0,1528000.0,1122,351,17,4.353276353276353,1,6,1.3618538324420677,1,0.9616438356164384
96,RN90RN90,1622,23967,12327200.0,13624800.0,1297600.0,1173,351,15,4.621082621082621,1,4,1.382779198635976,1,0.9616438356164384
97,RNC11050,1483,22172,12753800.0,14088500.0,1334700.0,1071,347,12,4.273775216138328,1,5,1.38468720821662,1,0.9506849315068493
98,RNC11063,1474,21724,1474000.0,1621400.0,147400.0,1094,351,13,4.199430199430199,1,5,1.3473491773308959,1,0.9616438356164384
99,RNC11075,1542,23663,10177200.0,11256600.0,1079400.0,1119,347,16,4.443804034582133,1,6,1.3780160857908847,1,0.9506849315068493
100,RNC11090,1508,22928,2262000.0,2563600.0,301600.0,1122,351,13,4.296296296296297,1,5,1.3440285204991087,1,0.9616438356164384
101,RNC22520,1507,22346,4219600.0,4671700.0,452100.0,1105,348,14,4.330459770114943,1,6,1.3638009049773756,1,0.9534246575342465
102,RNC33220,1552,22615,2793600.0,3104000.0,310400.0,1135,358,13,4.335195530726257,1,5,1.3674008810572686,1,0.9808219178082191
103,RNC33225,1481,22218,4443000.0,4887300.0,444300.0,1081,350,14,4.231428571428571,1,5,1.3700277520814061,1,0.958904109589041
104,RNC44020,1531,22966,7655000.0,8420500.0,765500.0,1131,347,13,4.412103746397695,1,4,1.3536693191865605,1,0.9506849315068493
105,RNC44025,1471,22108,7207900.0,7943400.0,735500.0,1088,346,15,4.2514450867052025,1,5,1.3520220588235294,1,0.947945205479452
106,RNC44032,1479,22234,12127800.0,13458900.0,1331100.0,1089,345,15,4.28695652173913,1,6,1.3581267217630855,1,0.9452054794520548
107,RNC55020,1428,21481,10567200.0,11709600.0,1142400.0,1061,348,11,4.103448275862069,1,5,1.345900094250707,1,0.9534246575342465
108,RNC55025,1516,22276,14250400.0,15766400.0,1516000.0,1106,353,16,4.294617563739377,1,7,1.3707052441229657,1,0.9671232876712329
109,RNC55032,1513,22554,12557900.0,13919600.0,1361700.0,1100,345,14,4.385507246376812,1,5,1.3754545454545455,1,0.9452054794520548
110,RNC55040,1490,21929,8642000.0,9536000.0,894000.0,1091,353,13,4.220963172804533,1,5,1.3657195233730521,1,0.9671232876712329
111,RNC66325,1466,21857,1466000.0,1612600.0,146600.0,1060,342,15,4.286549707602339,1,5,1.3830188679245283,1,0.936986301369863
112,RNC66332,1488,22258,3124800.0,3571200.0,446400.0,1091,344,17,4.325581395348837,1,5,1.3638863428047663,1,0.9424657534246575
113,RNC66340,1499,22182,14540300.0,16039300.0,1499000.0,1104,345,12,4.344927536231884,1,5,1.3577898550724639,1,0.9452054794520548
114,RNC66350,1560,23275,8580000.0,9516000.0,936000.0,1148,357,15,4.369747899159663,1,5,1.3588850174216027,1,0.9780821917808219
115,RNC77532,1497,22662,5239500.0,5838300.0,598800.0,1106,352,14,4.252840909090909,1,6,1.3535262206148282,1,0.9643835616438357
116,RNC77540,1544,22870,8800800.0,9727200.0,926400.0,1111,351,18,4.398860398860399,1,5,1.3897389738973898,1,0.9616438356164384
117,RNC77550,1493,22458,13884900.0,15377900.0,1493000.0,1099,354,16,4.2175141242937855,1,5,1.3585077343039127,1,0.9698630136986301
118,RNC77563,1525,23034,5642500.0,6252500.0,610000.0,1111,341,17,4.472140762463343,1,5,1.3726372637263726,1,0.9342465753424658
119,RNC99050,1445,22318,7514000.0,8381000.0,867000.0,1064,354,17,4.081920903954802,1,4,1.3580827067669172,1,0.9698630136986301
120,RNC99063,1479,21363,6211800.0,6951300.0,739500.0,1103,345,14,4.28695652173913,1,5,1.3408884859474162,1,0.9452054794520548
121,RNC99075,1490,22336,12516000.0,13857000.0,1341000.0,1114,345,14,4.318840579710145,1,5,1.3375224416517055,1,0.9452054794520548
122,RNRNN110,1494,22435,14940000.0,16434000.0,1494000.0,1081,348,13,4.293103448275862,1,6,1.3820536540240518,1,0.9534246575342465
123,RNRNRN20,1492,22007,2685600.0,2984000.0,298400.0,1115,348,13,4.287356321839081,1,5,1.3381165919282512,1,0.9534246575342465
124,RNRNRN25,1472,22538,1619200.0,1913600.0,294400.0,1099,356,13,4.134831460674158,1,5,1.3393994540491356,1,0.9753424657534246
125,RNRN51/2,1439,21356,8202300.0,9065700.0,863400.0,1085,351,14,4.0997150997151,1,5,1.3262672811059908,1,0.9616438356164384
126,RNRNRN32,1519,22817,8050700.0,8962100.0,911400.0,1111,348,18,4.364942528735632,1,5,1.3672367236723673,1,0.9534246575342465
127,RNRNRN40,1498,22651,13482000.0,14830200.0,1348200.0,1108,353,16,4.243626062322946,1,5,1.351985559566787,1,0.9671232876712329
128,RNRNRN50,1516,22612,3032000.0,3335200.0,303200.0,1129,348,14,4.35632183908046,1,5,1.3427812223206377,1,0.9534246575342465
129,RNRNRN63,1557,23506,8407800.0,9342000.0,934200.0,1148,356,12,4.373595505617978,1,5,1.3562717770034842,1,0.9753424657534246
130,RNRNRN75,1521,23201,5931900.0,6540300.0,608400.0,1117,354,18,4.296610169491525,1,5,1.3616830796777082,1,0.9698630136986301
131,RNRNRN90,1493,22275,9555200.0,10600300.0,1045100.0,1078,351,14,4.253561253561253,1,7,1.3849721706864564,1,0.9616438356164384
132,RNRT1010,1516,23157,8792800.0,9702400.0,909600.0,1106,349,13,4.343839541547278,1,5,1.3707052441229657,1,0.9561643835616438
133,RNRTRT20,1546,22858,2319000.0,2628200.0,309200.0,1143,348,16,4.442528735632184,1,5,1.352580927384077,1,0.9534246575342465
134,RNRTRT25,1461,21315,11395800.0,12564600.0,1168800.0,1081,347,12,4.210374639769452,1,6,1.3515263644773359,1,0.9506849315068493
135,RNRT51/2,1466,22015,10555200.0,11728000.0,1172800.0,1085,348,15,4.212643678160919,1,5,1.351152073732719,1,0.9534246575342465
136,RNRTRT32,1524,23159,2743200.0,3048000.0,304800.0,1122,356,20,4.280898876404494,1,6,1.358288770053476,1,0.9753424657534246
137,RNRTRT40,1485,22492,2227500.0,2524500.0,297000.0,1093,350,13,4.242857142857143,1,5,1.3586459286367796,1,0.958904109589041
138,RNRTRT50,1572,23754,15720000.0,17292000.0,1572000.0,1149,357,13,4.4033613445378155,1,4,1.3681462140992167,1,0.9780821917808219
139,RNRTRT63,1507,22347,12960200.0,14316500.0,1356300.0,1096,349,21,4.318051575931232,1,5,1.375,1,0.9561643835616438
140,RNRTRT75,1487,22106,6245400.0,6988900.0,743500.0,1113,356,14,4.176966292134831,1,5,1.3360287511230908,1,0.9753424657534246
141,RNRTRT90,1433,21255,4442300.0,5015500.0,573200.0,1074,348,15,4.117816091954023,1,4,1.3342644320297952,1,0.9534246575342465
142,RT11T110,1482,22351,3408600.0,3853200.0,444600.0,1080,352,13,4.2102272727272725,1,6,1.3722222222222222,1,0.9643835616438357
143,RT20RT20,1498,22363,9437400.0,10486000.0,1048600.0,1107,349,13,4.292263610315186,1,5,1.3532068654019873,1,0.9561643835616438
144,RT25RT25,1603,23722,4488400.0,4969300.0,480900.0,1159,353,15,4.541076487252124,1,5,1.383088869715272,1,0.9671232876712329
145,RT32RT32,1408,21093,8729600.0,9715200.0,985600.0,1060,345,13,4.081159420289855,1,5,1.3283018867924528,1,0.9452054794520548
146,RT40RT40,1488,22351,1636800.0,1934400.0,297600.0,1089,348,13,4.275862068965517,1,6,1.3663911845730028,1,0.9534246575342465
147,RT50RT50,1520,22682,3192000.0,3648000.0,456000.0,1123,350,13,4.3428571428571425,1,5,1.3535173642030276,1,0.958904109589041
148,RT63RT63,1402,21119,13038600.0,14440600.0,1402000.0,1039,346,14,4.0520231213872835,1,6,1.3493743984600577,1,0.947945205479452
149,RT75RT75,1442,20895,9805600.0,10815000.0,1009400.0,1075,347,15,4.155619596541786,1,5,1.3413953488372092,1,0.9506849315068493
150,RT90RT90,1458,21377,1895400.0,2187000.0,291600.0,1076,346,13,4.213872832369942,1,6,1.3550185873605949,1,0.947945205479452
151,RTC11063,1496,22653,7330400.0,8078400.0,748000.0,1097,349,14,4.286532951289399,1,5,1.3637192342752962,1,0.9561643835616438
152,RTC11075,1427,21423,7420400.0,8276600.0,856200.0,1066,345,14,4.136231884057971,1,5,1.3386491557223263,1,0.9452054794520548
153,RTC11090,1437,21992,3448800.0,3879900.0,431100.0,1034,350,14,4.105714285714286,1,6,1.3897485493230175,1,0.958904109589041
154,RTC22520,1507,22477,9795500.0,10850400.0,1054900.0,1120,353,14,4.269121813031162,1,5,1.3455357142857143,1,0.9671232876712329
155,RTC33220,1466,21515,5424200.0,6010600.0,586400.0,1085,350,15,4.188571428571429,1,6,1.351152073732719,1,0.958904109589041
156,RTC33225,1433,21273,9744400.0,10747500.0,1003100.0,1078,345,17,4.153623188405797,1,4,1.3293135435992578,1,0.9452054794520548
157,RTC44020,1486,22542,8024400.0,8916000.0,891600.0,1102,350,15,4.2457142857142856,1,5,1.3484573502722323,1,0.958904109589041
158,RTC44025,1562,22931,11246400.0,12496000.0,1249600.0,1139,358,19,4.363128491620111,1,5,1.3713784021071116,1,0.9808219178082191
159,RTC44032,1468,22103,5284800.0,5872000.0,587200.0,1078,349,15,4.206303724928366,1,4,1.3617810760667903,1,0.9561643835616438
160,RTC55020,1412,20948,2400400.0,2682800.0,282400.0,1059,350,12,4.034285714285715,1,5,1.3333333333333333,1,0.958904109589041
161,RTC55025,1494,21948,5527800.0,6125400.0,597600.0,1091,344,14,4.343023255813954,1,5,1.3693858845096243,1,0.9424657534246575
162,RTC55032,1510,22426,13439000.0,14798000.0,1359000.0,1108,354,16,4.265536723163842,1,5,1.3628158844765343,1,0.9698630136986301
163,RTC55040,1475,21735,11505000.0,12685000.0,1180000.0,1087,343,16,4.300291545189505,1,5,1.3569457221711132,1,0.9397260273972603
164,RTC66325,1604,24002,10586400.0,11709200.0,1122800.0,1145,346,17,4.635838150289017,1,6,1.4008733624454148,1,0.947945205479452
165,RTC66332,1453,21897,13222300.0,14675300.0,1453000.0,1078,347,18,4.187319884726225,1,5,1.3478664192949907,1,0.9506849315068493
166,RTC66340,1568,23793,10662400.0,11760000.0,1097600.0,1132,352,13,4.454545454545454,1,7,1.3851590106007068,1,0.9643835616438357
167,RTC66350,1491,21878,14910000.0,16401000.0,1491000.0,1087,350,15,4.26,1,5,1.3716651333946641,1,0.958904109589041
168,RTC77532,1404,20635,13759200.0,15163200.0,1404000.0,1060,353,13,3.9773371104815864,1,6,1.3245283018867924,1,0.9671232876712329
169,RTC77540,1486,22297,7578600.0,8470200.0,891600.0,1096,356,13,4.174157303370786,1,7,1.3558394160583942,1,0.9753424657534246
170,RTC77550,1431,20611,6439500.0,7155000.0,715500.0,1080,348,15,4.112068965517241,1,5,1.325,1,0.9534246575342465
171,RTC77563,1485,22171,5643000.0,6237000.0,594000.0,1108,347,12,4.279538904899136,1,5,1.3402527075812274,1,0.9506849315068493
172,RTC99050,1430,21737,5434000.0,6006000.0,572000.0,1034,350,18,4.085714285714285,1,4,1.3829787234042554,1,0.958904109589041
173,RTC99063,1466,22194,9675600.0,10701800.0,1026200.0,1095,349,13,4.200573065902579,1,6,1.3388127853881278,1,0.9561643835616438
174,RTC99075,1511,23347,1964300.0,2266500.0,302200.0,1107,352,14,4.292613636363637,1,5,1.3649503161698284,1,0.9643835616438357
175,RTRNRN20,1432,21563,13890400.0,15322400.0,1432000.0,1067,347,13,4.126801152737752,1,5,1.3420805998125587,1,0.9506849315068493
176,RTRNRN25,1481,21622,7553100.0,8441700.0,888600.0,1104,355,14,4.171830985915493,1,5,1.3414855072463767,1,0.9726027397260274
177,RTRN51/2,1482,22135,4446000.0,4890600.0,444600.0,1093,351,13,4.222222222222222,1,5,1.3559011893870083,1,0.9616438356164384
178,RTRNRN32,1459,22107,7732700.0,8608100.0,875400.0,1093,350,15,4.168571428571428,1,6,1.3348581884720951,1,0.958904109589041
179,RTRTRT20,1537,23183,9990500.0,11066400.0,1075900.0,1113,348,14,4.416666666666667,1,6,1.380952380952381,1,0.9534246575342465
180,RTRTRT25,1450,22251,2320000.0,2610000.0,290000.0,1068,352,15,4.119318181818182,1,5,1.357677902621723,1,0.9643835616438357
181,RTRT51/2,1423,21877,9676400.0,10672500.0,996100.0,1053,342,12,4.1608187134502925,1,5,1.3513770180436848,1,0.936986301369863
182,RTRTRT32,1429,21327,5001500.0,5573100.0,571600.0,1072,348,13,4.10632183908046,1,5,1.3330223880597014,1,0.9534246575342465
183,RB50B50X,1490,22956,4172000.0,4619000.0,447000.0,1110,352,12,4.232954545454546,1,5,1.3423423423423424,1,0.9643835616438357
184,RB90B90X,1436,21284,8472400.0,9334000.0,861600.0,1062,343,13,4.186588921282799,1,5,1.3521657250470809,1,0.9397260273972603
185,RDB2B20X,1544,22934,8028800.0,8955200.0,926400.0,1110,349,15,4.4240687679083095,1,5,1.390990990990991,1,0.9561643835616438
186,RDB2B25X,1377,20487,2616300.0,2891700.0,275400.0,1033,343,13,4.014577259475218,1,5,1.3330106485963213,1,0.9397260273972603
187,RDB3B32X,1473,22013,3093300.0,3535200.0,441900.0,1098,352,14,4.184659090909091,1,6,1.3415300546448088,1,0.9643835616438357
188,RDB4B40X,1437,21579,3161400.0,3592500.0,431100.0,1054,342,14,4.201754385964913,1,5,1.3633776091081593,1,0.936986301369863
189,RDB5B50X,1522,22312,5022600.0,5631400.0,608800.0,1134,351,13,4.336182336182336,1,5,1.342151675485009,1,0.9616438356164384
190,ROT2T20X,1452,22105,7986000.0,8857200.0,871200.0,1088,352,16,4.125,1,6,1.3345588235294117,1,0.9643835616438357
191,ROT2T25X,1503,21788,2555100.0,2855700.0,300600.0,1101,354,17,4.245762711864407,1,5,1.3651226158038148,1,0.9698630136986301
192,RV20V20X,1592,23165,286560000.0,315216000.0,28656000.0,1147,352,14,4.5227272727272725,1,6,1.3879686137750653,1,0.9643835616438357
193,RV25V25X,1529,22581,504570000.0,555027000.0,50457000.0,1127,355,17,4.307042253521127,1,6,1.3566992014196984,1,0.9726027397260274
194,RV32V32X,1507,22132,180840000.0,198924000.0,18084000.0,1131,351,19,4.293447293447294,1,5,1.332449160035367,1,0.9616438356164384
195,RV40V40X,1490,23063,253300000.0,278630000.0,25330000.0,1094,352,13,4.232954545454546,1,4,1.3619744058500913,1,0.9643835616438357
196,RV50V50X,1521,22343,593190000.0,652509000.0,59319000.0,1118,350,17,4.345714285714286,1,5,1.3604651162790697,1,0.958904109589041
197,RVC2C20X,1517,22695,606800000.0,667480000.0,60680000.0,1107,355,17,4.273239436619718,1,5,1.3703703703703705,1,0.9726027397260274
198,RVC2C25X,1593,24201,573480000.0,630828000.0,57348000.0,1172,355,14,4.487323943661972,1,5,1.3592150170648465,1,0.9726027397260274
199,RVC3C32X,1574,23987,472200000.0,519420000.0,47220000.0,1164,351,17,4.484330484330484,1,4,1.352233676975945,1,0.9616438356164384
200,RVC4C40X,1460,21679,146000000.0,160600000.0,14600000.0,1080,354,13,4.124293785310734,1,5,1.3518518518518519,1,0.9698630136986301
201,RVC5C50X,1453,22127,639320000.0,703252000.0,63932000.0,1077,343,12,4.236151603498542,1,4,1.3491179201485608,1,0.9397260273972603
202,RVC6C63X,1529,22727,749210000.0,824131000.0,74921000.0,1123,352,13,4.34375,1,5,1.3615316117542298,1,0.9643835616438357
203,RZC2C20X,1478,21890,7833400.0,8720200.0,886800.0,1092,347,16,4.259365994236311,1,5,1.3534798534798536,1,0.9506849315068493
204,RZC2C25X,1569,23775,7688100.0,8472600.0,784500.0,1132,351,13,4.47008547008547,1,6,1.3860424028268552,1,0.9616438356164384
205,RZC3C32X,1461,21939,5844000.0,6428400.0,584400.0,1079,351,16,4.162393162393163,1,4,1.3540315106580167,1,0.9616438356164384
206,RZC4C40X,1518,22853,3946800.0,4402200.0,455400.0,1105,358,13,4.240223463687151,1,5,1.3737556561085973,1,0.9808219178082191
207,RZC5C50X,1522,22563,9893000.0,10958400.0,1065400.0,1123,349,14,4.361031518624642,1,5,1.3552983081032948,1,0.9561643835616438
208,RZRNN20X,1470,22194,9114000.0,10143000.0,1029000.0,1073,352,14,4.176136363636363,1,4,1.369990680335508,1,0.9643835616438357
209,RZRNN25X,1490,22147,12367000.0,13708000.0,1341000.0,1092,347,12,4.293948126801153,1,5,1.3644688644688645,1,0.9506849315068493
210,RZRNN32X,1495,22435,4634500.0,5232500.0,598000.0,1087,348,14,4.295977011494253,1,6,1.375344986200552,1,0.9534246575342465
211,RZRNN50X,1494,22369,14342400.0,15836400.0,1494000.0,1109,357,14,4.184873949579832,1,5,1.3471596032461677,1,0.9780821917808219
212,RZRTT20X,1505,22920,5117000.0,5719000.0,602000.0,1119,354,13,4.251412429378531,1,8,1.3449508489722968,1,0.9698630136986301
213,RZRTT25X,1442,22212,6489000.0,7210000.0,721000.0,1072,350,15,4.12,1,5,1.3451492537313432,1,0.958904109589041
214,RLL2L20X,1466,22076,3371800.0,3811600.0,439800.0,1070,349,12,4.200573065902579,1,6,1.3700934579439252,1,0.9561643835616438
215,RLL2L25X,1515,22774,2878500.0,3181500.0,303000.0,1101,348,13,4.353448275862069,1,4,1.3760217983651226,1,0.9534246575342465
216,RLL3L32X,1471,21719,13974500.0,15445500.0,1471000.0,1102,345,12,4.263768115942029,1,5,1.3348457350272231,1,0.9452054794520548
217,RLL4L40X,1528,23519,7487200.0,8251200.0,764000.0,1103,347,19,4.403458213256484,1,6,1.385312783318223,1,0.9506849315068493
218,RLL5L50X,1451,21241,12768800.0,14074700.0,1305900.0,1088,346,16,4.19364161849711,1,4,1.333639705882353,1,0.947945205479452
219,RLL6L63X,1513,23332,11498800.0,12709200.0,1210400.0,1122,358,14,4.226256983240224,1,5,1.3484848484848484,1,0.9808219178082191
220,RLL7L75X,1486,22492,6092600.0,6835600.0,743000.0,1111,352,17,4.221590909090909,1,5,1.3375337533753375,1,0.9643835616438357
221,RL20L20X,1480,22498,6068000.0,6808000.0,740000.0,1086,354,14,4.1807909604519775,1,5,1.3627992633517496,1,0.9698630136986301
222,RL25L25X,1515,22107,8787000.0,9696000.0,909000.0,1131,351,15,4.316239316239316,1,5,1.339522546419098,1,0.9616438356164384
223,RL32L32X,1449,22195,7824600.0,8694000.0,869400.0,1081,340,12,4.261764705882353,1,4,1.3404255319148937,1,0.9315068493150684
224,RL40L40X,1512,22833,9223200.0,10281600.0,1058400.0,1098,353,13,4.28328611898017,1,4,1.3770491803278688,1,0.9671232876712329
225,RL50L50X,1506,22720,14909400.0,16415400.0,1506000.0,1114,342,15,4.4035087719298245,1,4,1.3518850987432676,1,0.936986301369863
226,RL63L63X,1480,22069,13764000.0,15244000.0,1480000.0,1082,344,15,4.3023255813953485,1,5,1.3678373382624769,1,0.9424657534246575
227,RL75L75X,1465,22334,13185000.0,14503500.0,1318500.0,1085,353,16,4.15014164305949,1,5,1.3502304147465438,1,0.9671232876712329
228,RL90L90X,1516,22794,12431200.0,13795600.0,1364400.0,1114,355,14,4.270422535211267,1,5,1.3608617594254937,1,0.9726027397260274
229,RLRNN20X,1514,23315,6358800.0,7115800.0,757000.0,1126,351,13,4.313390313390314,1,5,1.344582593250444,1,0.9616438356164384
230,RLRN1/2X,1510,22851,3775000.0,4228000.0,453000.0,1108,356,12,4.241573033707865,1,5,1.3628158844765343,1,0.9753424657534246
231,RLRNN25X,1556,23546,4823600.0,5446000.0,622400.0,1112,354,15,4.395480225988701,1,6,1.3992805755395683,1,0.9698630136986301
232,RLRTT20X,1573,23291,5820100.0,6449300.0,629200.0,1130,347,16,4.53314121037464,1,4,1.3920353982300886,1,0.9506849315068493
233,RLRT1/2X,1574,23854,13851200.0,15267800.0,1416600.0,1116,341,19,4.6158357771261,1,6,1.4103942652329748,1,0.9342465753424658
234,RLRTT25X,1480,22206,4884000.0,5476000.0,592000.0,1095,352,11,4.204545454545454,1,5,1.3515981735159817,1,0.9643835616438357
235,RLRTT32X,1489,22762,6402700.0,7147200.0,744500.0,1095,350,14,4.2542857142857144,1,5,1.3598173515981735,1,0.958904109589041
236,RN20N20X,1436,21504,7180000.0,7898000.0,718000.0,1058,345,14,4.16231884057971,1,5,1.3572778827977316,1,0.9452054794520548
237,RN25N25X,1507,23017,11603900.0,12809500.0,1205600.0,1098,355,15,4.245070422535211,1,5,1.372495446265938,1,0.9726027397260274
238,RN32N32X,1473,22563,12815100.0,14140800.0,1325700.0,1094,347,13,4.244956772334294,1,6,1.346435100548446,1,0.9506849315068493
239,RN40N40X,1491,22984,6560400.0,7305900.0,745500.0,1088,351,14,4.247863247863248,1,5,1.3704044117647058,1,0.9616438356164384
240,RN50N50X,1514,22810,6056000.0,6661600.0,605600.0,1119,351,20,4.313390313390314,1,5,1.352993744414656,1,0.9616438356164384
241,RN63N63X,1439,21583,10504700.0,11655900.0,1151200.0,1060,348,13,4.135057471264368,1,5,1.3575471698113208,1,0.9534246575342465
242,RN75N75X,1553,23779,7920300.0,8852100.0,931800.0,1120,351,16,4.4245014245014245,1,6,1.386607142857143,1,0.9616438356164384
243,RNC2520X,1550,23271,14570000.0,16120000.0,1550000.0,1131,347,15,4.46685878962536,1,4,1.3704686118479221,1,0.9506849315068493
244,RNC3220X,1450,21566,7105000.0,7830000.0,725000.0,1090,349,11,4.154727793696275,1,4,1.3302752293577982,1,0.9561643835616438
245,RNC3225X,1520,22504,14896000.0,16416000.0,1520000.0,1105,351,16,4.330484330484331,1,6,1.3755656108597285,1,0.9616438356164384
246,RNC4020X,1502,22430,13217600.0,14569400.0,1351800.0,1099,351,12,4.279202279202279,1,5,1.3666969972702456,1,0.9616438356164384
247,RNC4025X,1476,22265,7970400.0,8856000.0,885600.0,1102,347,15,4.253602305475504,1,4,1.339382940108893,1,0.9506849315068493
248,RNC4032X,1514,22740,6056000.0,6661600.0,605600.0,1117,353,15,4.288951841359774,1,5,1.3554162936436884,1,0.9671232876712329
249,RNC5020X,1496,22083,3440800.0,3889600.0,448800.0,1092,345,15,4.336231884057971,1,6,1.36996336996337,1,0.9452054794520548
250,RNC5025X,1454,21209,7270000.0,7997000.0,727000.0,1074,352,18,4.130681818181818,1,6,1.3538175046554934,1,0.9643835616438357
251,RNC5032X,1518,23311,6527400.0,7286400.0,759000.0,1098,359,15,4.22841225626741,1,5,1.3825136612021858,1,0.9835616438356164
252,RNC5040X,1542,22600,11256600.0,12490200.0,1233600.0,1136,352,14,4.380681818181818,1,6,1.357394366197183,1,0.9643835616438357
253,RNC6340X,1478,22513,12858600.0,14188800.0,1330200.0,1079,349,16,4.234957020057307,1,5,1.3697868396663577,1,0.9561643835616438
254,RNC6350X,1507,22523,9494100.0,10549000.0,1054900.0,1108,350,17,4.305714285714286,1,4,1.3601083032490975,1,0.958904109589041
255,RNC7540X,1480,22279,11988000.0,13320000.0,1332000.0,1108,352,14,4.204545454545454,1,6,1.3357400722021662,1,0.9643835616438357
256,RNC7563X,1523,22451,1979900.0,2284500.0,304600.0,1124,356,15,4.27808988764045,1,6,1.354982206405694,1,0.9753424657534246
257,RNC9075X,1444,21933,6786800.0,7508800.0,722000.0,1090,346,14,4.173410404624278,1,6,1.3247706422018348,1,0.947945205479452
258,RNRNN20X,1442,20956,2884000.0,3172400.0,288400.0,1056,344,14,4.191860465116279,1,4,1.365530303030303,1,0.9424657534246575
259,RNRN1/2X,1438,20940,9203200.0,10209800.0,1006600.0,1072,350,13,4.1085714285714285,1,5,1.3414179104477613,1,0.958904109589041
260,RNRNN25X,1469,21604,2497300.0,2791100.0,293800.0,1074,347,14,4.23342939481268,1,5,1.367783985102421,1,0.9506849315068493
261,RNRNN32X,1463,22234,3072300.0,3511200.0,438900.0,1070,351,14,4.168091168091168,1,4,1.3672897196261682,1,0.9616438356164384
262,RNRNN40X,1474,21506,11349800.0,12529000.0,1179200.0,1065,345,15,4.272463768115942,1,5,1.384037558685446,1,0.9452054794520548
263,RNRNN50X,1460,22060,8760000.0,9636000.0,876000.0,1068,351,12,4.15954415954416,1,5,1.3670411985018727,1,0.9616438356164384
264,RNRNN63X,1526,23019,6409200.0,7172200.0,763000.0,1136,352,17,4.3352272727272725,1,6,1.3433098591549295,1,0.9643835616438357
265,RNRTT20X,1483,21766,5783700.0,6376900.0,593200.0,1078,355,14,4.177464788732395,1,6,1.37569573283859,1,0.9726027397260274
266,RNRT1/2X,1471,22326,13974500.0,15445500.0,1471000.0,1104,351,14,4.1908831908831905,1,6,1.332427536231884,1,0.9616438356164384
267,RNRTT25X,1451,21346,1596100.0,1886300.0,290200.0,1062,342,13,4.242690058479532,1,8,1.3662900188323917,1,0.936986301369863
268,RNRTT32X,1469,22643,12045800.0,13367900.0,1322100.0,1086,346,15,4.245664739884393,1,5,1.352670349907919,1,0.947945205479452
269,RNRTT40X,1543,23354,2468800.0,2777400.0,308600.0,1106,353,13,4.371104815864022,1,5,1.395117540687161,1,0.9671232876712329
270,RNRTT50X,1510,22940,15100000.0,16610000.0,1510000.0,1102,346,14,4.364161849710983,1,5,1.3702359346642468,1,0.947945205479452
271,RT20T20X,1451,21700,9866800.0,10882500.0,1015700.0,1058,343,14,4.230320699708455,1,6,1.3714555765595464,1,0.9397260273972603
272,RT25T25X,1542,22318,4009200.0,4471800.0,462600.0,1097,351,14,4.3931623931623935,1,6,1.405651777575205,1,0.9616438356164384
273,RT32T32X,1495,22231,5681000.0,6279000.0,598000.0,1094,351,14,4.2592592592592595,1,7,1.36654478976234,1,0.9616438356164384
274,RT40T40X,1512,22593,9223200.0,10281600.0,1058400.0,1103,349,14,4.332378223495702,1,6,1.3708068902991841,1,0.9561643835616438
275,RT50T50X,1506,21465,1807200.0,2108400.0,301200.0,1104,349,15,4.315186246418338,1,5,1.3641304347826086,1,0.9561643835616438
276,RT63T63X,1529,23266,7492100.0,8256600.0,764500.0,1116,353,15,4.331444759206799,1,5,1.3700716845878136,1,0.9671232876712329
277,RT75T75X,1496,22467,3440800.0,3889600.0,448800.0,1096,348,13,4.2988505747126435,1,6,1.364963503649635,1,0.9534246575342465
278,RTC2520X,1492,22297,3133200.0,3580800.0,447600.0,1096,352,15,4.238636363636363,1,6,1.3613138686131387,1,0.9643835616438357
279,RTC3220X,1516,22665,6822000.0,7580000.0,758000.0,1112,350,18,4.331428571428572,1,5,1.3633093525179856,1,0.958904109589041
280,RTC3225X,1534,23056,13959400.0,15493400.0,1534000.0,1091,343,14,4.4723032069970845,1,5,1.4060494958753438,1,0.9397260273972603
281,RTC4025X,1469,22220,6169800.0,6904300.0,734500.0,1108,351,18,4.185185185185185,1,5,1.325812274368231,1,0.9616438356164384
282,RTC4032X,1513,22998,3026000.0,3328600.0,302600.0,1103,342,13,4.423976608187134,1,6,1.371713508612874,1,0.936986301369863
283,RTC5025X,1535,23077,3377000.0,3837500.0,460500.0,1125,348,19,4.410919540229885,1,7,1.3644444444444443,1,0.9534246575342465
284,RTC5032X,1496,22714,1645600.0,1944800.0,299200.0,1097,346,15,4.323699421965318,1,5,1.3637192342752962,1,0.947945205479452
285,RTC5040X,1470,22031,12348000.0,13671000.0,1323000.0,1083,348,13,4.224137931034483,1,6,1.3573407202216066,1,0.9534246575342465
286,RTC6516X,1452,22447,6969600.0,7695600.0,726000.0,1087,353,15,4.113314447592068,1,5,1.3357865685372585,1,0.9671232876712329
287,RTC6216X,1550,23085,10695000.0,11780000.0,1085000.0,1133,349,17,4.441260744985673,1,5,1.3680494263018534,1,0.9561643835616438
288,RTC6016X,1480,22372,5180000.0,5772000.0,592000.0,1097,351,13,4.216524216524217,1,5,1.3491340018231541,1,0.9616438356164384
289,RTC6350X,1504,22474,3308800.0,3760000.0,451200.0,1119,354,14,4.248587570621469,1,5,1.3440571939231456,1,0.9698630136986301
290,RTC7550X,1482,22213,10818600.0,12004200.0,1185600.0,1074,349,14,4.2464183381088825,1,5,1.3798882681564246,1,0.9561643835616438
291,RTC7563X,1498,22603,11684400.0,12882800.0,1198400.0,1125,356,13,4.207865168539326,1,6,1.3315555555555556,1,0.9753424657534246
292,RTC9050X,1518,22520,5768400.0,6375600.0,607200.0,1114,350,12,4.337142857142857,1,5,1.362657091561939,1,0.958904109589041
293,RTRNN20X,1429,21611,7287900.0,8145300.0,857400.0,1062,346,16,4.130057803468208,1,6,1.3455743879472692,1,0.947945205479452
294,RTRN1/2X,1435,21123,2583000.0,2870000.0,287000.0,1065,355,15,4.042253521126761,1,5,1.3474178403755868,1,0.9726027397260274
295,RTRNN25X,1465,21925,6592500.0,7325000.0,732500.0,1082,347,13,4.221902017291066,1,6,1.353974121996303,1,0.9506849315068493
296,RTRTT20X,1534,22927,7056400.0,7823400.0,767000.0,1131,352,13,4.357954545454546,1,6,1.3563218390804597,1,0.9643835616438357
297,RTRT1/2X,1460,21737,1606000.0,1898000.0,292000.0,1077,347,18,4.207492795389049,1,4,1.3556174558960075,1,0.9506849315068493
298,RTRTT25X,1500,22391,11850000.0,13050000.0,1200000.0,1101,352,15,4.261363636363637,1,5,1.3623978201634876,1,0.9643835616438357
299,RTRTT32X,1491,23371,7604100.0,8498700.0,894600.0,1102,347,14,4.296829971181556,1,5,1.352994555353902,1,0.9506849315068493
300,RL12L125,1506,22256,2710800.0,3012000.0,301200.0,1128,352,12,4.278409090909091,1,5,1.3351063829787233,1,0.9643835616438357
301,RL14L140,1441,21406,4755300.0,5331700.0,576400.0,1064,353,15,4.0821529745042495,1,5,1.3543233082706767,1,0.9671232876712329
302,RL166016,1464,22512,3513600.0,3952800.0,439200.0,1083,347,17,4.219020172910663,1,5,1.3518005540166205,1,0.9506849315068493
303,RL200016,1503,22758,2254500000.0,2479950000.0,225450000.0,1093,352,15,4.269886363636363,1,5,1.375114364135407,1,0.9643835616438357
304,RN12N125,1474,22692,13118600.0,14445200.0,1326600.0,1095,352,17,4.1875,1,4,1.3461187214611872,1,0.9643835616438357
305,RN14N140,1547,23292,10983700.0,12221300.0,1237600.0,1097,350,15,4.42,1,7,1.4102096627164995,1,0.958904109589041
306,RN16N160,1523,22876,10356400.0,11422500.0,1066100.0,1111,348,13,4.376436781609195,1,5,1.3708370837083708,1,0.9534246575342465
307,RN20N200,1416,21446,2832000000.0,3115200000.0,283200000.0,1062,349,16,4.0573065902578795,1,5,1.3333333333333333,1,0.9561643835616438
308,RNB1B125,1425,21717,3705000.0,4132500.0,427500.0,1073,343,14,4.154518950437318,1,5,1.3280521901211557,1,0.9397260273972603
309,RNB1B140,1525,22915,4727500.0,5337500.0,610000.0,1111,353,15,4.3201133144475925,1,6,1.3726372637263726,1,0.9671232876712329
310,RNB14010,1492,22978,10742400.0,11936000.0,1193600.0,1108,347,14,4.29971181556196,1,4,1.3465703971119134,1,0.9506849315068493
311,RNB1B160,1473,21726,11636700.0,12815100.0,1178400.0,1087,355,12,4.149295774647888,1,6,1.3551057957681694,1,0.9726027397260274
312,RNB1B180,1517,22788,6826500.0,7585000.0,758500.0,1124,353,14,4.2974504249291785,1,7,1.349644128113879,1,0.9671232876712329
313,RNB2B200,1448,22031,2896000000.0,3185600000.0,289600000.0,1087,350,15,4.137142857142857,1,5,1.3321067157313708,1,0.958904109589041
314,RNB20010,1409,21014,3945200000.0,4339720000.0,394520000.0,1029,349,14,4.037249283667622,1,4,1.369290573372206,1,0.9561643835616438
315,RNC15110,1499,22686,10343100.0,11392400.0,1049300.0,1104,349,14,4.29512893982808,1,5,1.3577898550724639,1,0.9561643835616438
316,RNC1110D,1558,23150,2337000.0,2648600.0,311600.0,1145,355,19,4.3887323943661976,1,5,1.3606986899563318,1,0.9726027397260274
317,RNC14090,1484,21902,13356000.0,14691600.0,1335600.0,1107,351,14,4.227920227920228,1,5,1.3405600722673894,1,0.9616438356164384
318,RNC10110,1560,23963,14820000.0,16380000.0,1560000.0,1126,347,18,4.495677233429395,1,6,1.3854351687388988,1,0.9506849315068493
319,RNC10140,1465,22031,12452500.0,13771000.0,1318500.0,1059,349,14,4.197707736389685,1,5,1.3833805476864967,1,0.9561643835616438
320,RNC20125,1451,21241,3047100000.0,3351810000.0,304710000.0,1101,349,15,4.157593123209169,1,4,1.3178928247048138,1,0.9561643835616438
321,RT12T125,1479,22419,6211800.0,6951300.0,739500.0,1061,354,13,4.177966101694915,1,6,1.3939679547596606,1,0.9698630136986301
322,RT14T140,1469,21754,4113200.0,4553900.0,440700.0,1089,355,15,4.138028169014085,1,5,1.3489439853076217,1,0.9726027397260274
323,RT166016,1486,22285,3863600.0,4309400.0,445800.0,1093,348,18,4.2701149425287355,1,5,1.3595608417200367,1,0.9534246575342465
324,RTC14075,1525,22107,12200000.0,13420000.0,1220000.0,1099,353,15,4.3201133144475925,1,5,1.3876251137397635,1,0.9671232876712329
325,RTC24016,1533,22995,1686300000.0,1854930000.0,168630000.0,1111,352,12,4.355113636363637,1,5,1.3798379837983799,1,0.9643835616438357
326,RUB5UB50,1528,22854,10848800.0,12071200.0,1222400.0,1113,357,12,4.280112044817927,1,6,1.3728661275831087,1,0.9780821917808219
327,RUDBDB20,1507,22326,9644800.0,10699700.0,1054900.0,1119,356,12,4.23314606741573,1,6,1.3467381590705987,1,0.9753424657534246
328,RUDBDB25,1489,22792,13698800.0,15187800.0,1489000.0,1104,344,11,4.328488372093023,1,5,1.348731884057971,1,0.9424657534246575
329,RUDBDB32,1494,22543,2988000.0,3286800.0,298800.0,1100,348,16,4.293103448275862,1,6,1.3581818181818182,1,0.9534246575342465
330,RUDBDB40,1529,22938,7797900.0,8715300.0,917400.0,1125,353,13,4.331444759206799,1,5,1.3591111111111112,1,0.9671232876712329
331,RUDBDB50,1512,22847,6652800.0,7408800.0,756000.0,1115,349,16,4.332378223495702,1,5,1.356053811659193,1,0.9561643835616438
332,RUL2UL20,1493,22230,8360800.0,9256600.0,895800.0,1101,349,14,4.277936962750716,1,5,1.3560399636693914,1,0.9561643835616438
333,RUL2UL25,1500,23215,10800000.0,12000000.0,1200000.0,1096,350,13,4.285714285714286,1,5,1.3686131386861313,1,0.958904109589041
334,RUL3UL32,1538,23752,1538000.0,1691800.0,153800.0,1122,351,12,4.381766381766382,1,4,1.3707664884135473,1,0.9616438356164384
335,RUL4UL40,1452,21253,9873600.0,10890000.0,1016400.0,1080,350,12,4.148571428571429,1,5,1.3444444444444446,1,0.958904109589041
336,RUL5UL50,1483,21937,1631300.0,1927900.0,296600.0,1083,352,15,4.213068181818182,1,5,1.3693444136657433,1,0.9643835616438357
337,RUL6UL63,1474,22554,6780400.0,7517400.0,737000.0,1088,352,12,4.1875,1,5,1.3547794117647058,1,0.9643835616438357
338,RULK51/2,1485,22190,10098000.0,11137500.0,1039500.0,1072,348,13,4.267241379310345,1,6,1.3852611940298507,1,0.9534246575342465
339,RULLLL20,1569,23968,11139900.0,12395100.0,1255200.0,1130,349,16,4.495702005730659,1,7,1.388495575221239,1,0.9561643835616438
340,RULLLL25,1424,20889,8971200.0,9968000.0,996800.0,1058,351,15,4.056980056980057,1,6,1.3459357277882797,1,0.9616438356164384
341,RULLLL32,1491,22245,4622100.0,5218500.0,596400.0,1099,347,16,4.296829971181556,1,7,1.356687898089172,1,0.9506849315068493
342,RULLLL40,1490,22371,14453000.0,15943000.0,1490000.0,1094,355,19,4.197183098591549,1,4,1.3619744058500913,1,0.9726027397260274
343,RULLLL50,1451,21859,4933400.0,5513800.0,580400.0,1060,349,12,4.157593123209169,1,5,1.368867924528302,1,0.9561643835616438
344,RULLLL63,1419,21481,5108400.0,5676000.0,567600.0,1062,353,12,4.019830028328612,1,5,1.3361581920903955,1,0.9671232876712329
345,RULRRN20,1492,22108,14621600.0,16113600.0,1492000.0,1115,353,14,4.2266288951841355,1,5,1.3381165919282512,1,0.9671232876712329
346,RULRRN25,1496,22809,6133600.0,6881600.0,748000.0,1093,348,17,4.2988505747126435,1,5,1.3687099725526075,1,0.9534246575342465
347,RULR1/2D,1516,22482,6670400.0,7428400.0,758000.0,1116,352,14,4.306818181818182,1,5,1.3584229390681004,1,0.9643835616438357
348,RULRRT20,1534,22687,6442800.0,7209800.0,767000.0,1126,354,15,4.333333333333333,1,6,1.3623445825932505,1,0.9698630136986301
349,RULRRT25,1457,21455,5828000.0,6410800.0,582800.0,1077,341,20,4.2727272727272725,1,6,1.3528319405756732,1,0.9342465753424658
350,RULR51/2,1502,22643,8711600.0,9612800.0,901200.0,1103,357,14,4.207282913165266,1,5,1.3617407071622847,1,0.9780821917808219
351,RUN2UN20,1488,22338,4464000.0,4910400.0,446400.0,1092,356,14,4.179775280898877,1,5,1.3626373626373627,1,0.9753424657534246
352,RUN2UN25,1539,23002,8464500.0,9387900.0,923400.0,1120,347,14,4.435158501440922,1,5,1.3741071428571427,1,0.9506849315068493
353,RUN3UN32,1526,23002,3662400.0,4120200.0,457800.0,1104,353,15,4.3229461756373935,1,6,1.3822463768115942,1,0.9671232876712329
354,RUN4UN40,1535,23037,15043000.0,16578000.0,1535000.0,1112,350,14,4.385714285714286,1,5,1.3803956834532374,1,0.958904109589041
355,RUN5UN50,1470,21852,7203000.0,7938000.0,735000.0,1100,341,16,4.310850439882698,1,5,1.3363636363636364,1,0.9342465753424658
356,RUN6UN63,1542,22820,13723800.0,15111600.0,1387800.0,1119,349,15,4.418338108882521,1,6,1.3780160857908847,1,0.9561643835616438
357,RUNC2520,1502,22753,6608800.0,7359800.0,751000.0,1118,351,17,4.279202279202279,1,5,1.3434704830053668,1,0.9616438356164384
358,RUNC3220,1499,22347,13491000.0,14840100.0,1349100.0,1105,350,17,4.282857142857143,1,4,1.3565610859728507,1,0.958904109589041
359,RUNC3225,1515,22203,4696500.0,5302500.0,606000.0,1099,356,14,4.25561797752809,1,6,1.3785259326660602,1,0.9753424657534246
360,RUNC4020,1495,21991,2691000.0,2990000.0,299000.0,1071,351,15,4.2592592592592595,1,5,1.395891690009337,1,0.9616438356164384
361,RUNC4025,1461,21555,2629800.0,2922000.0,292200.0,1094,347,15,4.210374639769452,1,4,1.3354661791590494,1,0.9506849315068493
362,RUNC4032,1495,22338,1943500.0,2242500.0,299000.0,1084,352,15,4.247159090909091,1,5,1.3791512915129152,1,0.9643835616438357
363,RUNC5020,1501,22557,9456300.0,10507000.0,1050700.0,1093,351,16,4.2763532763532766,1,6,1.373284537968893,1,0.9616438356164384
364,RUNC5025,1491,22915,9691500.0,10735200.0,1043700.0,1132,348,14,4.2844827586206895,1,5,1.3171378091872792,1,0.9534246575342465
365,RUNC5032,1532,22957,13022000.0,14400800.0,1378800.0,1137,352,17,4.3522727272727275,1,5,1.34740545294635,1,0.9643835616438357
366,RUNC5040,1502,23153,11565400.0,12767000.0,1201600.0,1079,350,14,4.291428571428572,1,5,1.392029657089898,1,0.958904109589041
367,RUNC6332,1504,22238,3609600.0,4060800.0,451200.0,1101,353,14,4.260623229461756,1,5,1.366030881017257,1,0.9671232876712329
368,RUNC6340,1475,22165,10030000.0,11062500.0,1032500.0,1079,339,14,4.351032448377581,1,6,1.3670064874884151,1,0.9287671232876712
369,RUNC6350,1459,22020,5252400.0,5836000.0,583600.0,1085,347,17,4.204610951008646,1,5,1.344700460829493,1,0.9506849315068493
370,RUNRRN20,1564,23541,14076000.0,15483600.0,1407600.0,1126,354,19,4.418079096045198,1,4,1.38898756660746,1,0.9698630136986301
371,RUNRRN25,1506,22064,6927600.0,7680600.0,753000.0,1103,347,14,4.340057636887608,1,6,1.3653671804170444,1,0.9506849315068493
372,RUNR1/2D,1540,23105,9394000.0,10472000.0,1078000.0,1121,354,15,4.350282485875706,1,5,1.3737734165923283,1,0.9698630136986301
373,RUNRRN32,1531,22912,1684100.0,1990300.0,306200.0,1123,351,18,4.361823361823362,1,7,1.363312555654497,1,0.9616438356164384
374,RUNRRN40,1499,22054,13041300.0,14390400.0,1349100.0,1076,348,13,4.307471264367816,1,6,1.3931226765799256,1,0.9534246575342465
375,RUNRRN50,1449,21887,5651100.0,6230700.0,579600.0,1095,348,13,4.163793103448276,1,5,1.3232876712328767,1,0.9534246575342465
376,RUNRRN63,1446,21651,2892000.0,3181200.0,289200.0,1072,350,14,4.131428571428572,1,5,1.3488805970149254,1,0.958904109589041
377,RUNRRT20,1482,22111,12745200.0,14079000.0,1333800.0,1092,351,12,4.222222222222222,1,5,1.3571428571428572,1,0.9616438356164384
378,RUNRRT25,1470,21743,4116000.0,4557000.0,441000.0,1068,344,14,4.273255813953488,1,6,1.3764044943820224,1,0.9424657534246575
379,RUNR51/2,1470,21524,11025000.0,12201000.0,1176000.0,1077,348,12,4.224137931034483,1,5,1.3649025069637883,1,0.9534246575342465
380,RUNRRT32,1491,22478,9840600.0,10884300.0,1043700.0,1104,354,16,4.211864406779661,1,5,1.3505434782608696,1,0.9698630136986301
381,RUNRRT40,1538,22475,14457200.0,15995200.0,1538000.0,1100,344,15,4.47093023255814,1,6,1.3981818181818182,1,0.9424657534246575
382,RUNRRT50,1471,21995,11326700.0,12503500.0,1176800.0,1079,349,17,4.214899713467049,1,6,1.3632993512511584,1,0.9561643835616438
383,RUNRRT63,1524,22870,4876800.0,5486400.0,609600.0,1115,354,15,4.305084745762712,1,5,1.366816143497758,1,0.9698630136986301
384,RUOT2020,1467,21959,4401000.0,4841100.0,440100.0,1097,355,15,4.132394366197183,1,5,1.3372835004557886,1,0.9726027397260274
385,RUOTOT25,1460,21435,8468000.0,9344000.0,876000.0,1093,348,16,4.195402298850575,1,6,1.3357731015553522,1,0.9534246575342465
386,RUT2UT20,1472,21427,5446400.0,6035200.0,588800.0,1108,349,14,4.217765042979942,1,5,1.3285198555956679,1,0.9561643835616438
387,RUT2UT25,1475,21848,11505000.0,12685000.0,1180000.0,1111,350,14,4.214285714285714,1,4,1.3276327632763276,1,0.958904109589041
388,RUT3UT32,1458,21795,6561000.0,7290000.0,729000.0,1092,344,13,4.238372093023256,1,4,1.335164835164835,1,0.9424657534246575
389,RUT4UT40,1497,23012,6886200.0,7634700.0,748500.0,1112,358,15,4.181564245810056,1,5,1.3462230215827338,1,0.9808219178082191
390,RUT5UT50,1509,22470,5885100.0,6488700.0,603600.0,1091,347,16,4.348703170028818,1,6,1.383134738771769,1,0.9506849315068493
391,RUT6UT63,1528,22723,5348000.0,5959200.0,611200.0,1105,345,13,4.428985507246376,1,6,1.3828054298642534,1,0.9452054794520548
392,RUTC2520,1562,22933,10465400.0,11558800.0,1093400.0,1113,350,19,4.462857142857143,1,5,1.403414195867026,1,0.958904109589041
393,RUTC3220,1471,22172,5148500.0,5736900.0,588400.0,1096,347,12,4.239193083573487,1,5,1.342153284671533,1,0.9506849315068493
394,RUTC3225,1454,21756,2617200.0,2908000.0,290800.0,1090,346,13,4.202312138728324,1,6,1.3339449541284403,1,0.947945205479452
395,RUTC4020,1454,21470,12213600.0,13522200.0,1308600.0,1081,349,15,4.166189111747851,1,6,1.3450508788159112,1,0.9561643835616438
396,RUTC4025,1463,22009,11557700.0,12728100.0,1170400.0,1074,346,12,4.228323699421965,1,5,1.36219739292365,1,0.947945205479452
397,RUTC4032,1482,22255,8151000.0,9040200.0,889200.0,1098,352,13,4.2102272727272725,1,4,1.349726775956284,1,0.9643835616438357
398,RUTC5020,1468,21757,3816800.0,4257200.0,440400.0,1081,344,12,4.267441860465116,1,5,1.3580018501387605,1,0.9424657534246575
399,RUTC5025,1501,22990,5703800.0,6304200.0,600400.0,1107,357,17,4.204481792717087,1,5,1.3559168925022584,1,0.9780821917808219
400,RUTC5032,1427,20784,13271100.0,14698100.0,1427000.0,1061,350,14,4.077142857142857,1,5,1.344957587181904,1,0.958904109589041
401,RUTC5040,1534,23595,2454400.0,2761200.0,306800.0,1136,346,15,4.433526011560693,1,5,1.3503521126760563,1,0.947945205479452
402,RUTC6325,1498,22672,4044600.0,4494000.0,449400.0,1111,353,16,4.243626062322946,1,5,1.3483348334833483,1,0.9671232876712329
403,RUTC6332,1438,21556,6327200.0,7046200.0,719000.0,1069,344,12,4.180232558139535,1,5,1.3451824134705332,1,0.9424657534246575
404,RUTC6350,1461,21684,5844000.0,6428400.0,584400.0,1085,355,14,4.115492957746479,1,5,1.3465437788018433,1,0.9726027397260274
405,RUTRRN20,1504,22390,4812800.0,5414400.0,601600.0,1111,345,15,4.3594202898550725,1,7,1.3537353735373536,1,0.9452054794520548
406,RUTRRN25,1431,21334,12306600.0,13594500.0,1287900.0,1051,347,13,4.123919308357348,1,5,1.3615604186489059,1,0.9506849315068493
407,RUTR1/2D,1574,24147,11018000.0,12119800.0,1101800.0,1128,356,15,4.421348314606742,1,5,1.3953900709219857,1,0.9753424657534246
408,RUTRRN32,1485,22351,5049000.0,5643000.0,594000.0,1083,351,12,4.230769230769231,1,5,1.371191135734072,1,0.9616438356164384
409,RUTRRT20,1465,21488,5127500.0,5713500.0,586000.0,1063,351,13,4.1737891737891735,1,5,1.3781749764816558,1,0.9616438356164384
410,RUTRRT25,1539,23193,4463100.0,4924800.0,461700.0,1117,351,14,4.384615384615385,1,5,1.3777976723366159,1,0.9616438356164384
411,RUTR51/2,1457,22180,14570000.0,16027000.0,1457000.0,1075,342,14,4.260233918128655,1,5,1.3553488372093023,1,0.936986301369863
412,RUV2UV20,1511,22519,377750000.0,415525000.0,37775000.0,1103,345,14,4.379710144927536,1,6,1.369900271985494,1,0.9452054794520548
413,RUV2UV25,1454,21659,348960000.0,383856000.0,34896000.0,1086,346,14,4.202312138728324,1,5,1.3388581952117864,1,0.947945205479452
414,RUV3UV32,1475,22533,619500000.0,681450000.0,61950000.0,1092,345,15,4.27536231884058,1,5,1.3507326007326008,1,0.9452054794520548
415,RUV4UV40,1444,21893,462080000.0,508288000.0,46208000.0,1053,350,17,4.1257142857142854,1,5,1.3713200379867045,1,0.958904109589041
416,RUV5UV50,1478,22144,325160000.0,357676000.0,32516000.0,1074,351,15,4.210826210826211,1,5,1.3761638733705772,1,0.9616438356164384
417,RUVCVC20,1408,21507,563200000.0,619520000.0,56320000.0,1033,340,16,4.141176470588236,1,6,1.3630203291384317,1,0.9315068493150684
418,RUVCVC25,1548,22961,510840000.0,561924000.0,51084000.0,1134,357,13,4.336134453781512,1,6,1.3650793650793651,1,0.9780821917808219
419,RUVCVC32,1505,22521,285950000.0,314545000.0,28595000.0,1100,353,13,4.263456090651558,1,5,1.3681818181818182,1,0.9671232876712329
420,RUVCVC40,1522,22442,700120000.0,770132000.0,70012000.0,1126,355,15,4.2873239436619714,1,5,1.3516873889875667,1,0.9726027397260274
421,RUVCVC50,1512,22673,257040000.0,282744000.0,25704000.0,1103,353,12,4.28328611898017,1,6,1.3708068902991841,1,0.9671232876712329
422,RUVCVC63,1474,21475,309540000.0,340494000.0,30954000.0,1078,344,16,4.284883720930233,1,5,1.3673469387755102,1,0.9424657534246575
423,RUZCZC20,1563,23781,8127600.0,9065400.0,937800.0,1119,360,14,4.341666666666667,1,6,1.3967828418230563,1,0.9863013698630136
424,RUZCZC25,1466,21990,2345600.0,2638800.0,293200.0,1078,350,15,4.188571428571429,1,5,1.3599257884972171,1,0.958904109589041
425,RUZCZC32,1485,22426,5940000.0,6534000.0,594000.0,1087,342,19,4.342105263157895,1,5,1.3661453541858326,1,0.936986301369863
426,RUZCZC40,1494,22793,11503800.0,12699000.0,1195200.0,1088,347,13,4.305475504322766,1,4,1.3731617647058822,1,0.9506849315068493
427,RUZCZC50,1506,22161,2710800.0,3012000.0,301200.0,1084,346,12,4.3526011560693645,1,5,1.3892988929889298,1,0.947945205479452
428,RUZCZC63,1561,23254,8429400.0,9366000.0,936600.0,1136,355,15,4.397183098591549,1,6,1.3741197183098592,1,0.9726027397260274
429,RUZRRN20,1465,21991,5567000.0,6153000.0,586000.0,1081,347,14,4.221902017291066,1,6,1.3552266419981498,1,0.9506849315068493
430,RUZRRN25,1522,23193,3348400.0,3805000.0,456600.0,1103,345,18,4.41159420289855,1,6,1.3798730734360833,1,0.9452054794520548
431,RUZRRN32,1513,22399,8321500.0,9229300.0,907800.0,1133,351,13,4.310541310541311,1,5,1.3353927625772286,1,0.9616438356164384
432,RUZRRN40,1426,21300,6131800.0,6844800.0,713000.0,1060,351,16,4.062678062678063,1,5,1.3452830188679246,1,0.9616438356164384
433,RUZRRN63,1500,22590,10950000.0,12150000.0,1200000.0,1072,348,14,4.310344827586207,1,5,1.3992537313432836,1,0.9534246575342465
434,RUZRRT25,1496,22330,8527200.0,9424800.0,897600.0,1105,356,12,4.202247191011236,1,5,1.353846153846154,1,0.9753424657534246