id, product, total_despatched, total_age, total_cost, total_wage, demand, flow, total_order
1, RB11B110, 1715, 12356366912000, 10976000, 24010000, 4.69863014, 9.74431818, 176
2, RB12B125, 1627, 13242858810000, 10412800, 22778000, 4.45753425, 9.62721893, 169
3, RB144016, 1414, 10094871799000, 9049600, 19796000, 3.87397260, 8.56969697, 165
4, RB50B50X, 1293, 11389022146000, 8275200, 18102000, 3.54246575, 7.88414634, 164
5, RB50RB50, 1640, 12870746273000, 10496000, 22960000, 4.49315068, 9.70414201, 169
6, RB63RB63, 1490, 9083968192000, 9536000, 20860000, 4.08219178, 8.97590361, 166
7, RB75RB75, 1402, 10357617400000, 8972800, 19628000, 3.84109589, 8.76250000, 160
8, RB90B90X, 1181, 8763288472000, 7558400, 16534000, 3.23561644, 8.81343284, 134
9, RB90RB90, 1387, 13486737360000, 8876800, 19418000, 3.80000000, 9.06535948, 153
10, RDB1B110, 1528, 10637658748000, 9779200, 21392000, 4.18630137, 9.14970060, 167
11, RDB2B20X, 1624, 13723398255000, 10393600, 22736000, 4.44931507, 9.44186047, 172
12, RDB2B25X, 1586, 13041266899000, 10150400, 22204000, 4.34520548, 9.27485380, 171
13, RDB2DB20, 1725, 12643249682000, 11040000, 24150000, 4.72602740, 10.14705882, 170
14, RDB2DB25, 1386, 10386418619000, 8870400, 19404000, 3.79726027, 8.50306748, 163
15, RDB3B32X, 1474, 10826286077000, 9433600, 20636000, 4.03835616, 8.72189349, 169
16, RDB3DB32, 1347, 10363344444000, 8620800, 18858000, 3.69041096, 9.41958042, 143
17, RDB4B40X, 1402, 10873609143000, 8972800, 19628000, 3.84109589, 8.81761006, 159
18, RDB4DB40, 1491, 14423771528000, 9542400, 20874000, 4.08493151, 9.26086957, 161
19, RDB5B50X, 1357, 10398076092000, 8684800, 18998000, 3.71780822, 8.58860759, 158
20, RDB5DB50, 1529, 13576153203000, 9785600, 21406000, 4.18904110, 9.38036810, 163
21, RDB6DB63, 1435, 10537537855000, 9184000, 20090000, 3.93150685, 8.54166667, 168
22, RDB7DB75, 1540, 11179113309000, 9856000, 21560000, 4.21917808, 9.11242604, 169
23, RDB9DB90, 1582, 13364414125000, 10124800, 22148000, 4.33424658, 9.70552147, 163
24, RDKT1050, 1538, 12316984923000, 9843200, 21532000, 4.21369863, 9.98701299, 154
25, RDKT4020, 1564, 13627659489000, 10009600, 21896000, 4.28493151, 9.20000000, 170
26, RDKT5020, 1523, 12102098856000, 9747200, 21322000, 4.17260274, 8.95882353, 170
27, RDKT5025, 1362, 11673996786000, 8716800, 19068000, 3.73150685, 9.26530612, 147
28, RDKT6320, 1447, 12427009471000, 9260800, 20258000, 3.96438356, 8.82317073, 164
29, RDKT6325, 1614, 12621084460000, 10329600, 22596000, 4.42191781, 9.17045455, 176
30, RDKT6332, 1445, 10730264800000, 9248000, 20230000, 3.95890411, 8.75757576, 165
31, RDKT7525, 1587, 13430813882000, 10156800, 22218000, 4.34794521, 9.01704545, 176
32, RDKT7532, 1481, 11789031818000, 9478400, 20734000, 4.05753425, 8.97575758, 165
33, RDKT7540, 1243, 9855937486000, 7955200, 17402000, 3.40547945, 8.34228188, 149
34, RDKT9020, 1382, 11465853073000, 8844800, 19348000, 3.78630137, 8.80254777, 157
35, RDKT9025, 1602, 10777061825000, 10252800, 22428000, 4.38904110, 9.70909091, 165
36, RDKT9040, 1476, 9454288454000, 9446400, 20664000, 4.04383562, 8.53179191, 173
37, RL11L110, 1348, 10005171516000, 8627200, 18872000, 3.69315068, 8.86842105, 152
38, RL12L125, 1579, 12347641143000, 10105600, 22106000, 4.32602740, 9.68711656, 163
39, RL14L140, 1661, 12555271116000, 10630400, 23254000, 4.55068493, 9.38418079, 177
40, RL166016, 1496, 12028362213000, 9574400, 20944000, 4.09863014, 8.95808383, 167
41, RL200016, 1533, 11428361593000, 9811200, 21462000, 4.20000000, 9.46296296, 162
42, RL20L20X, 1484, 12452080580000, 9497600, 20776000, 4.06575342, 9.04878049, 164
43, RL20RL20, 1523, 11457658250000, 9747200, 21322000, 4.17260274, 8.90643275, 171
44, RL25L25X, 1260, 10400114693000, 8064000, 17640000, 3.45205479, 8.51351351, 148
45, RL25RL25, 1518, 12159472820000, 9715200, 21252000, 4.15890411, 10.12000000, 150
46, RL32L32X, 1745, 13637993670000, 11168000, 24430000, 4.78082192, 9.38172043, 186
47, RL32RL32, 1503, 11372369819000, 9619200, 21042000, 4.11780822, 9.22085890, 163
48, RL40L40X, 1781, 13400340393000, 11398400, 24934000, 4.87945205, 9.73224044, 183
49, RL40RL40, 1550, 11841341172000, 9920000, 21700000, 4.24657534, 9.62732919, 161
50, RL50L50X, 1505, 11521675575000, 9632000, 21070000, 4.12328767, 8.75000000, 172
51, RL50RL50, 1646, 11794181914000, 10534400, 23044000, 4.50958904, 9.14444444, 180
52, RL63L63X, 1412, 11484509161000, 9036800, 19768000, 3.86849315, 8.99363057, 157
53, RL63RL63, 1682, 13799452480000, 10764800, 23548000, 4.60821918, 9.04301075, 186
54, RL75L75X, 1402, 10170634520000, 8972800, 19628000, 3.84109589, 8.29585799, 169
55, RL75RL75, 1482, 11685395316000, 9484800, 20748000, 4.06027397, 8.87425150, 167
56, RL90L90X, 1626, 12554481155000, 10406400, 22764000, 4.45479452, 9.79518072, 166
57, RL90RL90, 1525, 11962620603000, 9760000, 21350000, 4.17808219, 9.83870968, 155
58, RLKR51/2, 1507, 11342190825000, 9644800, 21098000, 4.12876712, 8.97023810, 168
59, RLL1L110, 1598, 13282826007000, 10227200, 22372000, 4.37808219, 9.29069767, 172
60, RLL2L20X, 1496, 11517659186000, 9574400, 20944000, 4.09863014, 9.12195122, 164
61, RLL2L25X, 1356, 10014795406000, 8678400, 18984000, 3.71506849, 9.22448980, 147
62, RLL2LL20, 1209, 10638064153000, 7737600, 16926000, 3.31232877, 8.57446809, 141
63, RLL2LL25, 1426, 11366649498000, 9126400, 19964000, 3.90684932, 9.20000000, 155
64, RLL3L32X, 1320, 11176080999000, 8448000, 18480000, 3.61643836, 8.85906040, 149
65, RLL3LL32, 1608, 12075692606000, 10291200, 22512000, 4.40547945, 9.40350877, 171
66, RLL4L40X, 1571, 11529911769000, 10054400, 21994000, 4.30410959, 9.18713450, 171
67, RLL4LL40, 1443, 8060070198000, 9235200, 20202000, 3.95342466, 9.49342105, 152
68, RLL5L50X, 1250, 8292478339000, 8000000, 17500000, 3.42465753, 8.74125874, 143
69, RLL5LL50, 1942, 14178845454000, 12428800, 27188000, 5.32054795, 9.71000000, 200
70, RLL6L63X, 1503, 11289524344000, 9619200, 21042000, 4.11780822, 9.39375000, 160
71, RLL6LL63, 1538, 12767710546000, 9843200, 21532000, 4.21369863, 9.49382716, 162
72, RLL7L75X, 1384, 11308207232000, 8857600, 19376000, 3.79178082, 9.35135135, 148
73, RLL7LL75, 1530, 12707096278000, 9792000, 21420000, 4.19178082, 9.21686747, 166
74, RLL9LL90, 1386, 10733213350000, 8870400, 19404000, 3.79726027, 9.05882353, 153
75, RLRN1/2X, 1268, 10807610685000, 8115200, 17752000, 3.47397260, 8.99290780, 141
76, RLRN51/2, 1547, 13776629929000, 9900800, 21658000, 4.23835616, 8.84000000, 175
77, RLRNN20X, 1517, 11455042498000, 9708800, 21238000, 4.15616438, 8.92352941, 170
78, RLRNN25X, 1335, 10694395874000, 8544000, 18690000, 3.65753425, 9.02027027, 148
79, RLRNRN20, 1513, 13731227240000, 9683200, 21182000, 4.14520548, 9.57594937, 158
80, RLRNRN25, 1371, 9215021168000, 8774400, 19194000, 3.75616438, 8.56875000, 160
81, RLRNRN32, 1215, 10054453246000, 7776000, 17010000, 3.32876712, 9.00000000, 135
82, RLRT1/2X, 1636, 13999003378000, 10470400, 22904000, 4.48219178, 9.51162791, 172
83, RLRT51/2, 1641, 15005525359000, 10502400, 22974000, 4.49589041, 9.76785714, 168
84, RLRTRT20, 1769, 14055831436000, 11321600, 24766000, 4.84657534, 9.21354167, 192
85, RLRTRT25, 1573, 12173951343000, 10067200, 22022000, 4.30958904, 9.65030675, 163
86, RLRTRT32, 1561, 11107760235000, 9990400, 21854000, 4.27671233, 8.67222222, 180
87, RLRTT20X, 1334, 11413177618000, 8537600, 18676000, 3.65479452, 9.13698630, 146
88, RLRTT25X, 1532, 12097751574000, 9804800, 21448000, 4.19726027, 9.88387097, 155
89, RLRTT32X, 1450, 10341520180000, 9280000, 20300000, 3.97260274, 9.35483871, 155
90, RN11N110, 1481, 10597545317000, 9478400, 20734000, 4.05753425, 8.92168675, 166
91, RN12N125, 1558, 12653675746000, 9971200, 21812000, 4.26849315, 9.61728395, 162
92, RN14N140, 1522, 11587233336000, 9740800, 21308000, 4.16986301, 9.88311688, 154
93, RN16N160, 1421, 11712189909000, 9094400, 19894000, 3.89315068, 9.16774194, 155
94, RN20N200, 1665, 13585419856000, 10656000, 23310000, 4.56164384, 9.46022727, 176
95, RN20N20X, 1837, 13106757336000, 11756800, 25718000, 5.03287671, 9.61780105, 191
96, RN20RN20, 1492, 10722320964000, 9548800, 20888000, 4.08767123, 9.62580645, 155
97, RN25N25X, 1491, 13108827184000, 9542400, 20874000, 4.08493151, 9.20370370, 162
98, RN25RN25, 1685, 14873215238000, 10784000, 23590000, 4.61643836, 9.57386364, 176
99, RN32N32X, 1577, 12606318494000, 10092800, 22078000, 4.32054795, 9.33136095, 169
100, RN32RN32, 1427, 10111672549000, 9132800, 19978000, 3.90958904, 9.45033113, 151
101, RN40N40X, 1489, 12673680444000, 9529600, 20846000, 4.07945205, 9.02424242, 165
102, RN40RN40, 1077, 7726617096000, 6892800, 15078000, 2.95068493, 8.54761905, 126
103, RN50N50X, 1559, 12386485587000, 9977600, 21826000, 4.27123288, 9.62345679, 162
104, RN50RN50, 1792, 13359371113000, 11468800, 25088000, 4.90958904, 9.43157895, 190
105, RN63N63X, 1507, 11712915496000, 9644800, 21098000, 4.12876712, 9.07831325, 166
106, RN63RN63, 1395, 11327059887000, 8928000, 19530000, 3.82191781, 8.88535032, 157
107, RN75N75X, 1502, 11273469594000, 9612800, 21028000, 4.11506849, 8.88757396, 169
108, RN75RN75, 1498, 12574069645000, 9587200, 20972000, 4.10410959, 9.07878788, 165
109, RN90RN90, 1522, 12186292218000, 9740800, 21308000, 4.16986301, 8.84883721, 172
110, RNB14010, 1345, 10134905118000, 8608000, 18830000, 3.68493151, 9.02684564, 149
111, RNB1B125, 1438, 10450668067000, 9203200, 20132000, 3.93972603, 9.15923567, 157
112, RNB1B140, 1626, 11814403678000, 10406400, 22764000, 4.45479452, 9.29142857, 175
113, RNB1B160, 1594, 11096554519000, 10201600, 22316000, 4.36712329, 9.66060606, 165
114, RNB1B180, 1297, 10941326666000, 8300800, 18158000, 3.55342466, 8.70469799, 149
115, RNB20010, 1566, 11860708980000, 10022400, 21924000, 4.29041096, 9.32142857, 168
116, RNB2B200, 1444, 10745719950000, 9241600, 20216000, 3.95616438, 8.85889571, 163
117, RNC10110, 1410, 10218254253000, 9024000, 19740000, 3.86301370, 8.86792453, 159
118, RNC10140, 1325, 10672034304000, 8480000, 18550000, 3.63013699, 8.28125000, 160
119, RNC11050, 1720, 13364165039000, 11008000, 24080000, 4.71232877, 9.66292135, 178
120, RNC11063, 1419, 13294825566000, 9081600, 19866000, 3.88767123, 8.54819277, 166
121, RNC11075, 1436, 11350547240000, 9190400, 20104000, 3.93424658, 9.14649682, 157
122, RNC11090, 1362, 10641629703000, 8716800, 19068000, 3.73150685, 8.84415584, 154
123, RNC1110D, 1713, 12188032502000, 10963200, 23982000, 4.69315068, 9.41208791, 182
124, RNC14090, 1230, 9318669332000, 7872000, 17220000, 3.36986301, 8.84892086, 139
125, RNC15110, 1624, 13282557818000, 10393600, 22736000, 4.44931507, 10.21383648, 159
126, RNC20125, 1316, 9581770586000, 8422400, 18424000, 3.60547945, 9.01369863, 146
127, RNC22520, 1439, 11487355859000, 9209600, 20146000, 3.94246575, 9.34415584, 154
128, RNC2520X, 1468, 9793068153000, 9395200, 20552000, 4.02191781, 9.65789474, 152
129, RNC3220X, 1751, 13089744884000, 11206400, 24514000, 4.79726027, 9.89265537, 177
130, RNC3225X, 1657, 12988184239000, 10604800, 23198000, 4.53972603, 9.63372093, 172
131, RNC33220, 1552, 12222682187000, 9932800, 21728000, 4.25205479, 9.46341463, 164
132, RNC33225, 1395, 10182760334000, 8928000, 19530000, 3.82191781, 9.00000000, 155
133, RNC4020X, 1560, 11172847252000, 9984000, 21840000, 4.27397260, 9.93630573, 157
134, RNC4025X, 1651, 11410285149000, 10566400, 23114000, 4.52328767, 9.76923077, 169
135, RNC4032X, 1562, 12269182233000, 9996800, 21868000, 4.27945205, 9.29761905, 168
136, RNC44020, 1514, 13115960968000, 9689600, 21196000, 4.14794521, 8.41111111, 180
137, RNC44025, 1428, 11214886060000, 9139200, 19992000, 3.91232877, 8.76073620, 163
138, RNC44032, 1418, 9624235853000, 9075200, 19852000, 3.88493151, 8.86250000, 160
139, RNC5020X, 1647, 13746004825000, 10540800, 23058000, 4.51232877, 9.63157895, 171
140, RNC5025X, 1394, 11040522207000, 8921600, 19516000, 3.81917808, 8.76729560, 159
141, RNC5032X, 1438, 11442601091000, 9203200, 20132000, 3.93972603, 8.61077844, 167
142, RNC5040X, 1705, 12320678521000, 10912000, 23870000, 4.67123288, 9.16666667, 186
143, RNC55020, 1295, 9799677770000, 8288000, 18130000, 3.54794521, 8.69127517, 149
144, RNC55025, 1545, 11595185907000, 9888000, 21630000, 4.23287671, 9.25149701, 167
145, RNC55032, 1436, 11503236678000, 9190400, 20104000, 3.93424658, 8.54761905, 168
146, RNC55040, 1464, 10535394244000, 9369600, 20496000, 4.01095890, 8.66272189, 169
147, RNC6340X, 1396, 10868666006000, 8934400, 19544000, 3.82465753, 8.89171975, 157
148, RNC6350X, 1434, 9815839109000, 9177600, 20076000, 3.92876712, 8.14772727, 176
149, RNC66325, 1590, 11237170129000, 10176000, 22260000, 4.35616438, 9.75460123, 163
150, RNC66332, 1466, 10531173783000, 9382400, 20524000, 4.01643836, 8.93902439, 164
151, RNC66340, 1511, 12758104040000, 9670400, 21154000, 4.13972603, 9.56329114, 158
152, RNC66350, 1555, 13249721394000, 9952000, 21770000, 4.26027397, 8.98843931, 173
153, RNC7540X, 1485, 11893723475000, 9504000, 20790000, 4.06849315, 9.11042945, 163
154, RNC7563X, 1560, 11707963401000, 9984000, 21840000, 4.27397260, 10.00000000, 156
155, RNC77532, 1553, 11326800403000, 9939200, 21742000, 4.25479452, 9.29940120, 167
156, RNC77540, 1709, 13243136938000, 10937600, 23926000, 4.68219178, 9.04232804, 189
157, RNC77550, 1451, 12174723668000, 9286400, 20314000, 3.97534247, 9.67333333, 150
158, RNC77563, 1668, 15243172210000, 10675200, 23352000, 4.56986301, 10.04819277, 166
159, RNC9075X, 1523, 12533686727000, 9747200, 21322000, 4.17260274, 9.28658537, 164
160, RNC99050, 1477, 12017570225000, 9452800, 20678000, 4.04657534, 9.17391304, 161
161, RNC99063, 1415, 12169853504000, 9056000, 19810000, 3.87671233, 9.37086093, 151
162, RNC99075, 1563, 13572220988000, 10003200, 21882000, 4.28219178, 9.19411765, 170
163, RNRN1/2X, 1403, 11154941454000, 8979200, 19642000, 3.84383562, 8.55487805, 164
164, RNRN51/2, 1379, 11679434115000, 8825600, 19306000, 3.77808219, 9.07236842, 152
165, RNRNN110, 1530, 12824406563000, 9792000, 21420000, 4.19178082, 9.05325444, 169
166, RNRNN20X, 1466, 10356536659000, 9382400, 20524000, 4.01643836, 8.99386503, 163
167, RNRNN25X, 1521, 11547325897000, 9734400, 21294000, 4.16712329, 9.27439024, 164
168, RNRNN32X, 1493, 10295295043000, 9555200, 20902000, 4.09041096, 10.02013423, 149
169, RNRNN40X, 1398, 12299863659000, 8947200, 19572000, 3.83013699, 8.68322981, 161
170, RNRNN50X, 1551, 12656187129000, 9926400, 21714000, 4.24931507, 9.63354037, 161
171, RNRNN63X, 1523, 11984291489000, 9747200, 21322000, 4.17260274, 9.40123457, 162
172, RNRNRN20, 1368, 10093921062000, 8755200, 19152000, 3.74794521, 8.76923077, 156
173, RNRNRN25, 1680, 13469493348000, 10752000, 23520000, 4.60273973, 9.33333333, 180
174, RNRNRN32, 1499, 9439748537000, 9593600, 20986000, 4.10684932, 9.54777070, 157
175, RNRNRN40, 1382, 12619951330000, 8844800, 19348000, 3.78630137, 8.85897436, 156
176, RNRNRN50, 1403, 12237078580000, 8979200, 19642000, 3.84383562, 9.29139073, 151
177, RNRNRN63, 1455, 11073482166000, 9312000, 20370000, 3.98630137, 9.20886076, 158
178, RNRNRN75, 1475, 11258960229000, 9440000, 20650000, 4.04109589, 9.33544304, 158
179, RNRNRN90, 1770, 14304572455000, 11328000, 24780000, 4.84931507, 9.88826816, 179
180, RNRT1/2X, 1324, 9862953221000, 8473600, 18536000, 3.62739726, 7.97590361, 166
181, RNRT1010, 1413, 11064304104000, 9043200, 19782000, 3.87123288, 8.66871166, 163
182, RNRT51/2, 1525, 12466137483000, 9760000, 21350000, 4.17808219, 9.13173653, 167
183, RNRTRT20, 1441, 12160442193000, 9222400, 20174000, 3.94794521, 9.41830065, 153
184, RNRTRT25, 1452, 11868303566000, 9292800, 20328000, 3.97808219, 8.96296296, 162
185, RNRTRT32, 1113, 9127494584000, 7123200, 15582000, 3.04931507, 9.04878049, 123
186, RNRTRT40, 1381, 10113684067000, 8838400, 19334000, 3.78356164, 9.02614379, 153
187, RNRTRT50, 1217, 9313933777000, 7788800, 17038000, 3.33424658, 9.36153846, 130
188, RNRTRT63, 1536, 12814050759000, 9830400, 21504000, 4.20821918, 9.19760479, 167
189, RNRTRT75, 1567, 12207136230000, 10028800, 21938000, 4.29315068, 9.85534591, 159
190, RNRTRT90, 1394, 10125192151000, 8921600, 19516000, 3.81917808, 9.48299320, 147
191, RNRTT20X, 1403, 11287694214000, 8979200, 19642000, 3.84383562, 8.35119048, 168
192, RNRTT25X, 1479, 11599721533000, 9465600, 20706000, 4.05205479, 9.54193548, 155
193, RNRTT32X, 1764, 14760722621000, 11289600, 24696000, 4.83287671, 9.96610169, 177
194, RNRTT40X, 1427, 12177157118000, 9132800, 19978000, 3.90958904, 8.80864198, 162
195, RNRTT50X, 1430, 10153827673000, 9152000, 20020000, 3.91780822, 8.88198758, 161
196, ROT2OT20, 1310, 10958575559000, 8384000, 18340000, 3.58904110, 9.22535211, 142
197, ROT2OT25, 1413, 10130868308000, 9043200, 19782000, 3.87123288, 9.11612903, 155
198, ROT2T20X, 1534, 11624148198000, 9817600, 21476000, 4.20273973, 9.18562874, 167
199, ROT2T25X, 1587, 11254218824000, 10156800, 22218000, 4.34794521, 8.81666667, 180
200, RT11T110, 1513, 12942945611000, 9683200, 21182000, 4.14520548, 10.29251701, 147
201, RT12T125, 1478, 10702384999000, 9459200, 20692000, 4.04931507, 9.59740260, 154
202, RT14T140, 1495, 13316577017000, 9568000, 20930000, 4.09589041, 8.95209581, 167
203, RT166016, 1639, 12406875146000, 10489600, 22946000, 4.49041096, 9.81437126, 167
204, RT20RT20, 1491, 10817259498000, 9542400, 20874000, 4.08493151, 8.66860465, 172
205, RT20T20X, 1577, 11756747989000, 10092800, 22078000, 4.32054795, 9.27647059, 170
206, RT25RT25, 1662, 11739244073000, 10636800, 23268000, 4.55342466, 8.93548387, 186
207, RT25T25X, 1532, 11746677099000, 9804800, 21448000, 4.19726027, 9.51552795, 161
208, RT32RT32, 1435, 11115798937000, 9184000, 20090000, 3.93150685, 9.02515723, 159
209, RT32T32X, 1500, 12750480129000, 9600000, 21000000, 4.10958904, 9.20245399, 163
210, RT40RT40, 1640, 11272856600000, 10496000, 22960000, 4.49315068, 9.53488372, 172
211, RT40T40X, 1625, 11722442183000, 10400000, 22750000, 4.45205479, 9.61538462, 169
212, RT50RT50, 1470, 12082595090000, 9408000, 20580000, 4.02739726, 9.86577181, 149
213, RT50T50X, 1482, 11449333646000, 9484800, 20748000, 4.06027397, 9.26250000, 160
214, RT63RT63, 1396, 11997373999000, 8934400, 19544000, 3.82465753, 8.89171975, 157
215, RT63T63X, 1518, 11624862858000, 9715200, 21252000, 4.15890411, 9.20000000, 165
216, RT75RT75, 1500, 10675634606000, 9600000, 21000000, 4.10958904, 9.14634146, 164
217, RT75T75X, 1595, 11792177469000, 10208000, 22330000, 4.36986301, 8.57526882, 186
218, RT90RT90, 1442, 10734457391000, 9228800, 20188000, 3.95068493, 9.42483660, 153
219, RTC11063, 1505, 13033221931000, 9632000, 21070000, 4.12328767, 9.06626506, 166
220, RTC11075, 1485, 12690477355000, 9504000, 20790000, 4.06849315, 9.33962264, 159
221, RTC11090, 1604, 13541594317000, 10265600, 22456000, 4.39452055, 9.78048780, 164
222, RTC14075, 1593, 12819440722000, 10195200, 22302000, 4.36438356, 9.77300613, 163
223, RTC22520, 1371, 12132737476000, 8774400, 19194000, 3.75616438, 7.92485549, 173
224, RTC24016, 1208, 9319567475000, 7731200, 16912000, 3.30958904, 8.62857143, 140
225, RTC2520X, 1507, 12157252674000, 9644800, 21098000, 4.12876712, 8.71098266, 173
226, RTC3220X, 1396, 11221305430000, 8934400, 19544000, 3.82465753, 9.43243243, 148
227, RTC3225X, 1332, 10325031152000, 8524800, 18648000, 3.64931507, 8.93959732, 149
228, RTC33220, 1368, 11095399810000, 8755200, 19152000, 3.74794521, 9.70212766, 141
229, RTC33225, 1409, 11272715555000, 9017600, 19726000, 3.86027397, 9.09032258, 155
230, RTC4025X, 1559, 10853084954000, 9977600, 21826000, 4.27123288, 9.17058824, 170
231, RTC4032X, 1574, 13777669051000, 10073600, 22036000, 4.31232877, 9.42514970, 167
232, RTC44020, 1798, 14470508951000, 11507200, 25172000, 4.92602740, 9.51322751, 189
233, RTC44025, 1765, 14142260714000, 11296000, 24710000, 4.83561644, 9.64480874, 183
234, RTC44032, 1242, 9818126172000, 7948800, 17388000, 3.40273973, 8.87142857, 140
235, RTC5025X, 1738, 12752948601000, 11123200, 24332000, 4.76164384, 9.34408602, 186
236, RTC5032X, 1375, 10794583880000, 8800000, 19250000, 3.76712329, 9.22818792, 149
237, RTC5040X, 1412, 12953655617000, 9036800, 19768000, 3.86849315, 8.55757576, 165
238, RTC55020, 1436, 10447992650000, 9190400, 20104000, 3.93424658, 8.65060241, 166
239, RTC55025, 1685, 14854673635000, 10784000, 23590000, 4.61643836, 9.62857143, 175
240, RTC55032, 1383, 10067257119000, 8851200, 19362000, 3.78904110, 9.47260274, 146
241, RTC55040, 1497, 12183372739000, 9580800, 20958000, 4.10136986, 9.12804878, 164
242, RTC6016X, 1371, 11033873543000, 8774400, 19194000, 3.75616438, 8.90259740, 154
243, RTC6216X, 1472, 12983576225000, 9420800, 20608000, 4.03287671, 8.45977011, 174
244, RTC6350X, 1394, 11138994234000, 8921600, 19516000, 3.81917808, 9.48299320, 147
245, RTC6516X, 1693, 12978934791000, 10835200, 23702000, 4.63835616, 9.20108696, 184
246, RTC66325, 1474, 10492569407000, 9433600, 20636000, 4.03835616, 9.63398693, 153
247, RTC66332, 1757, 12628252695000, 11244800, 24598000, 4.81369863, 9.87078652, 178
248, RTC66340, 1701, 13381815107000, 10886400, 23814000, 4.66027397, 9.00000000, 189
249, RTC66350, 1663, 13721647421000, 10643200, 23282000, 4.55616438, 9.39548023, 177
250, RTC7550X, 1625, 12113430621000, 10400000, 22750000, 4.45205479, 10.28481013, 158
251, RTC7563X, 1407, 12208006639000, 9004800, 19698000, 3.85479452, 9.25657895, 152
252, RTC77532, 1592, 12404203004000, 10188800, 22288000, 4.36164384, 8.89385475, 179
253, RTC77540, 1241, 9156035137000, 7942400, 17374000, 3.40000000, 8.11111111, 153
254, RTC77550, 1521, 11961239551000, 9734400, 21294000, 4.16712329, 9.33128834, 163
255, RTC77563, 1557, 12557687874000, 9964800, 21798000, 4.26575342, 9.10526316, 171
256, RTC9050X, 1609, 12933175241000, 10297600, 22526000, 4.40821918, 8.98882682, 179
257, RTC99050, 1591, 12002781611000, 10182400, 22274000, 4.35890411, 9.41420118, 169
258, RTC99063, 1463, 10810692302000, 9363200, 20482000, 4.00821918, 9.56209150, 153
259, RTC99075, 1285, 9655474013000, 8224000, 17990000, 3.52054795, 9.04929577, 142
260, RTRN1/2X, 1543, 11332548723000, 9875200, 21602000, 4.22739726, 9.46625767, 163
261, RTRN51/2, 1581, 12893087738000, 10118400, 22134000, 4.33150685, 9.69938650, 163
262, RTRNN20X, 1446, 10465571657000, 9254400, 20244000, 3.96164384, 9.64000000, 150
263, RTRNN25X, 1658, 12292982991000, 10611200, 23212000, 4.54246575, 9.69590643, 171
264, RTRNRN20, 1214, 8868966257000, 7769600, 16996000, 3.32602740, 8.25850340, 147
265, RTRNRN25, 1434, 10847586459000, 9177600, 20076000, 3.92876712, 8.69090909, 165
266, RTRNRN32, 1347, 10945213530000, 8620800, 18858000, 3.69041096, 8.52531646, 158
267, RTRT1/2X, 1237, 9929349419000, 7916800, 17318000, 3.38904110, 9.66406250, 128
268, RTRT51/2, 1614, 12897795278000, 10329600, 22596000, 4.42191781, 8.96666667, 180
269, RTRTRT20, 1677, 13630701265000, 10732800, 23478000, 4.59452055, 9.47457627, 177
270, RTRTRT25, 1255, 8992112911000, 8032000, 17570000, 3.43835616, 8.83802817, 142
271, RTRTRT32, 1408, 10102215168000, 9011200, 19712000, 3.85753425, 8.96815287, 157
272, RTRTT20X, 1459, 10542157153000, 9337600, 20426000, 3.99726027, 9.35256410, 156
273, RTRTT25X, 1427, 12439782431000, 9132800, 19978000, 3.90958904, 9.45033113, 151
274, RTRTT32X, 1524, 11294581084000, 9753600, 21336000, 4.17534247, 9.46583851, 161
275, RUB5UB50, 1617, 12144867890000, 10348800, 22638000, 4.43013699, 9.40116279, 172
276, RUDBDB20, 1396, 11754917602000, 8934400, 19544000, 3.82465753, 9.12418301, 153
277, RUDBDB25, 1682, 13680650826000, 10764800, 23548000, 4.60821918, 9.39664804, 179
278, RUDBDB32, 1591, 12897564845000, 10182400, 22274000, 4.35890411, 9.03977273, 176
279, RUDBDB40, 1599, 11418595116000, 10233600, 22386000, 4.38082192, 10.38311688, 154
280, RUDBDB50, 1793, 11962296386000, 11475200, 25102000, 4.91232877, 9.10152284, 197
281, RUL2UL20, 1402, 11310165479000, 8972800, 19628000, 3.84109589, 8.60122699, 163
282, RUL2UL25, 1542, 12429870112000, 9868800, 21588000, 4.22465753, 9.17857143, 168
283, RUL3UL32, 1574, 13657270702000, 10073600, 22036000, 4.31232877, 9.48192771, 166
284, RUL4UL40, 1397, 11160120957000, 8940800, 19558000, 3.82739726, 9.13071895, 153
285, RUL5UL50, 1733, 12599935509000, 11091200, 24262000, 4.74794521, 9.07329843, 191
286, RUL6UL63, 1430, 11224429213000, 9152000, 20020000, 3.91780822, 8.93750000, 160
287, RULK51/2, 1468, 11775716207000, 9395200, 20552000, 4.02191781, 9.00613497, 163
288, RULLLL20, 1360, 10478613754000, 8704000, 19040000, 3.72602740, 10.14925373, 134
289, RULLLL25, 1389, 11132134666000, 8889600, 19446000, 3.80547945, 8.84713376, 157
290, RULLLL32, 1424, 9819766574000, 9113600, 19936000, 3.90136986, 8.79012346, 162
291, RULLLL40, 1630, 13624559226000, 10432000, 22820000, 4.46575342, 9.53216374, 171
292, RULLLL50, 1242, 10606895079000, 7948800, 17388000, 3.40273973, 8.87142857, 140
293, RULLLL63, 1367, 10266683338000, 8748800, 19138000, 3.74520548, 9.42758621, 145
294, RULR1/2D, 1148, 8254499596000, 7347200, 16072000, 3.14520548, 8.96875000, 128
295, RULR51/2, 1567, 12807591847000, 10028800, 21938000, 4.29315068, 9.05780347, 173
296, RULRRN20, 1586, 12389964762000, 10150400, 22204000, 4.34520548, 9.27485380, 171
297, RULRRN25, 1217, 8778408873000, 7788800, 17038000, 3.33424658, 8.22297297, 148
298, RULRRT20, 1640, 11293724810000, 10496000, 22960000, 4.49315068, 9.53488372, 172
299, RULRRT25, 1598, 11611235877000, 10227200, 22372000, 4.37808219, 9.13142857, 175
300, RUN2UN20, 1451, 11553972937000, 9286400, 20314000, 3.97534247, 9.73825503, 149
301, RUN2UN25, 1410, 12372594541000, 9024000, 19740000, 3.86301370, 10.07142857, 140
302, RUN3UN32, 1375, 10250891357000, 8800000, 19250000, 3.76712329, 9.10596026, 151
303, RUN4UN40, 1369, 11903876380000, 8761600, 19166000, 3.75068493, 9.06622517, 151
304, RUN5UN50, 1427, 11364248266000, 9132800, 19978000, 3.90958904, 8.97484277, 159
305, RUN6UN63, 1480, 11031405517000, 9472000, 20720000, 4.05479452, 9.02439024, 164
306, RUNC2520, 1608, 11985283538000, 10291200, 22512000, 4.40547945, 9.08474576, 177
307, RUNC3220, 1494, 12101359005000, 9561600, 20916000, 4.09315068, 9.00000000, 166
308, RUNC3225, 1702, 13057788014000, 10892800, 23828000, 4.66301370, 9.25000000, 184
309, RUNC4020, 1480, 10402623083000, 9472000, 20720000, 4.05479452, 9.86666667, 150
310, RUNC4025, 1375, 10127832664000, 8800000, 19250000, 3.76712329, 8.75796178, 157
311, RUNC4032, 1689, 11889636039000, 10809600, 23646000, 4.62739726, 9.54237288, 177
312, RUNC5020, 1490, 11514654385000, 9536000, 20860000, 4.08219178, 8.97590361, 166
313, RUNC5025, 1609, 11852762338000, 10297600, 22526000, 4.40821918, 8.65053763, 186
314, RUNC5032, 1368, 10673781011000, 8755200, 19152000, 3.74794521, 9.05960265, 151
315, RUNC5040, 1670, 13412758290000, 10688000, 23380000, 4.57534247, 9.12568306, 183
316, RUNC6332, 1494, 12784810470000, 9561600, 20916000, 4.09315068, 9.51592357, 157
317, RUNC6340, 1517, 12811247609000, 9708800, 21238000, 4.15616438, 9.08383234, 167
318, RUNC6350, 1386, 11155562972000, 8870400, 19404000, 3.79726027, 9.30201342, 149
319, RUNR1/2D, 1439, 11110430268000, 9209600, 20146000, 3.94246575, 9.72297297, 148
320, RUNR51/2, 1554, 12859856897000, 9945600, 21756000, 4.25753425, 9.30538922, 167
321, RUNRRN20, 1425, 11011478118000, 9120000, 19950000, 3.90410959, 9.56375839, 149
322, RUNRRN25, 1529, 10449180435000, 9785600, 21406000, 4.18904110, 9.43827160, 162
323, RUNRRN32, 1576, 12950562692000, 10086400, 22064000, 4.31780822, 9.49397590, 166
324, RUNRRN40, 1216, 9341137764000, 7782400, 17024000, 3.33150685, 9.00740741, 135
325, RUNRRN50, 1575, 10939391976000, 10080000, 22050000, 4.31506849, 9.15697674, 172
326, RUNRRN63, 1445, 9964766750000, 9248000, 20230000, 3.95890411, 9.20382166, 157
327, RUNRRT20, 1566, 13399021170000, 10022400, 21924000, 4.29041096, 9.72670807, 161
328, RUNRRT25, 1491, 11993211758000, 9542400, 20874000, 4.08493151, 8.87500000, 168
329, RUNRRT32, 1549, 12070694812000, 9913600, 21686000, 4.24383562, 8.75141243, 177
330, RUNRRT40, 1497, 10460522832000, 9580800, 20958000, 4.10136986, 9.35625000, 160
331, RUNRRT50, 1386, 9760325434000, 8870400, 19404000, 3.79726027, 9.17880795, 151
332, RUNRRT63, 1519, 11822612997000, 9721600, 21266000, 4.16164384, 9.67515924, 157
333, RUOT2020, 1354, 9275416075000, 8665600, 18956000, 3.70958904, 9.27397260, 146
334, RUOTOT25, 1464, 10821622534000, 9369600, 20496000, 4.01095890, 9.20754717, 159
335, RUT2UT20, 1560, 13324824583000, 9984000, 21840000, 4.27397260, 9.34131737, 167
336, RUT2UT25, 1632, 11427997382000, 10444800, 22848000, 4.47123288, 9.16853933, 178
337, RUT3UT32, 1556, 11702871465000, 9958400, 21784000, 4.26301370, 9.54601227, 163
338, RUT4UT40, 1491, 10506867887000, 9542400, 20874000, 4.08493151, 9.31875000, 160
339, RUT5UT50, 1315, 10248768122000, 8416000, 18410000, 3.60273973, 9.13194444, 144
340, RUT6UT63, 1587, 12039680891000, 10156800, 22218000, 4.34794521, 9.39053254, 169
341, RUTC2520, 1141, 7651913365000, 7302400, 15974000, 3.12602740, 8.70992366, 131
342, RUTC3220, 1337, 11553099006000, 8556800, 18718000, 3.66301370, 9.15753425, 146
343, RUTC3225, 1449, 12177668877000, 9273600, 20286000, 3.96986301, 9.17088608, 158
344, RUTC4020, 1450, 11946873340000, 9280000, 20300000, 3.97260274, 8.84146341, 164
345, RUTC4025, 1330, 9584954726000, 8512000, 18620000, 3.64383562, 8.52564103, 156
346, RUTC4032, 1444, 13136516290000, 9241600, 20216000, 3.95616438, 9.50000000, 152
347, RUTC5020, 1589, 13220745095000, 10169600, 22246000, 4.35342466, 9.99371069, 159
348, RUTC5025, 1469, 12818494834000, 9401600, 20566000, 4.02465753, 8.69230769, 169
349, RUTC5032, 1410, 11177554518000, 9024000, 19740000, 3.86301370, 8.59756098, 164
350, RUTC5040, 1250, 10351346295000, 8000000, 17500000, 3.42465753, 8.86524823, 141
351, RUTC6325, 1192, 9773020459000, 7628800, 16688000, 3.26575342, 8.45390071, 141
352, RUTC6332, 1344, 11239044108000, 8601600, 18816000, 3.68219178, 9.53191489, 141
353, RUTC6350, 1601, 11907784333000, 10246400, 22414000, 4.38630137, 9.70303030, 165
354, RUTR1/2D, 1489, 9846127615000, 9529600, 20846000, 4.07945205, 9.19135802, 162
355, RUTR51/2, 1342, 8888573939000, 8588800, 18788000, 3.67671233, 9.12925170, 147
356, RUTRRN20, 1637, 13061169119000, 10476800, 22918000, 4.48493151, 9.04419890, 181
357, RUTRRN25, 1546, 12027471447000, 9894400, 21644000, 4.23561644, 9.78481013, 158
358, RUTRRN32, 1324, 9536581963000, 8473600, 18536000, 3.62739726, 9.13103448, 145
359, RUTRRT20, 1267, 10405178472000, 8108800, 17738000, 3.47123288, 8.92253521, 142
360, RUTRRT25, 1701, 13517174520000, 10886400, 23814000, 4.66027397, 9.72000000, 175
361, RUV2UV20, 1859, 14719071937000, 11897600, 26026000, 5.09315068, 10.15846995, 183
362, RUV2UV25, 1381, 11632001666000, 8838400, 19334000, 3.78356164, 9.33108108, 148
363, RUV3UV32, 1509, 12237897894000, 9657600, 21126000, 4.13424658, 9.14545455, 165
364, RUV4UV40, 1492, 12322418377000, 9548800, 20888000, 4.08767123, 9.50318471, 157
365, RUV5UV50, 1329, 11465002340000, 8505600, 18606000, 3.64109589, 9.49285714, 140
366, RUVCVC20, 1394, 13071679288000, 8921600, 19516000, 3.81917808, 9.61379310, 145
367, RUVCVC25, 1503, 11795231622000, 9619200, 21042000, 4.11780822, 8.94642857, 168
368, RUVCVC32, 1520, 12244789603000, 9728000, 21280000, 4.16438356, 9.26829268, 164
369, RUVCVC40, 1669, 12346658678000, 10681600, 23366000, 4.57260274, 9.59195402, 174
370, RUVCVC50, 1616, 12382671328000, 10342400, 22624000, 4.42739726, 9.45029240, 171
371, RUVCVC63, 1211, 9157563158000, 7750400, 16954000, 3.31780822, 8.23809524, 147
372, RUZCZC20, 1428, 9750836243000, 9139200, 19992000, 3.91232877, 9.58389262, 149
373, RUZCZC25, 1532, 13928600641000, 9804800, 21448000, 4.19726027, 9.28484848, 165
374, RUZCZC32, 1431, 11587953249000, 9158400, 20034000, 3.92054795, 9.05696203, 158
375, RUZCZC40, 1575, 11708002741000, 10080000, 22050000, 4.31506849, 9.31952663, 169
376, RUZCZC50, 1346, 10547105808000, 8614400, 18844000, 3.68767123, 9.47887324, 142
377, RUZCZC63, 1397, 12285544258000, 8940800, 19558000, 3.82739726, 8.67701863, 161
378, RUZRRN20, 1638, 11072555448000, 10483200, 22932000, 4.48767123, 9.04972376, 181
379, RUZRRN25, 1487, 10693254970000, 9516800, 20818000, 4.07397260, 8.69590643, 171
380, RUZRRN32, 1234, 12022353199000, 7897600, 17276000, 3.38082192, 8.45205479, 146
381, RUZRRN40, 1532, 11053237746000, 9804800, 21448000, 4.19726027, 9.45679012, 162
382, RUZRRN63, 1592, 14176862291000, 10188800, 22288000, 4.36164384, 9.30994152, 171
383, RUZRRT25, 1302, 9037035714000, 8332800, 18228000, 3.56712329, 8.18867925, 159
384, RV20RV20, 1526, 12547207424000, 9766400, 21364000, 4.18082192, 9.36196319, 163
385, RV20V20X, 1430, 10850824684000, 9152000, 20020000, 3.91780822, 9.10828025, 157
386, RV25RV25, 1208, 8197326405000, 7731200, 16912000, 3.30958904, 8.27397260, 146
387, RV25V25X, 1356, 10033231279000, 8678400, 18984000, 3.71506849, 8.58227848, 158
388, RV32RV32, 1358, 11035727651000, 8691200, 19012000, 3.72054795, 9.43055556, 144
389, RV32V32X, 1323, 10681456052000, 8467200, 18522000, 3.62465753, 8.76158940, 151
390, RV40RV40, 1620, 13199497304000, 10368000, 22680000, 4.43835616, 9.10112360, 178
391, RV40V40X, 1296, 10168772731000, 8294400, 18144000, 3.55068493, 8.47058824, 153
392, RV50RV50, 1373, 10563473409000, 8787200, 19222000, 3.76164384, 8.85806452, 155
393, RV50V50X, 1538, 12475340980000, 9843200, 21532000, 4.21369863, 9.20958084, 167
394, RVC2C20X, 1675, 14480264515000, 10720000, 23450000, 4.58904110, 9.15300546, 183
395, RVC2C25X, 1549, 12784359557000, 9913600, 21686000, 4.24383562, 9.38787879, 165
396, RVC2VC20, 1606, 13752957683000, 10278400, 22484000, 4.40000000, 9.79268293, 164
397, RVC2VC25, 1508, 12546212284000, 9651200, 21112000, 4.13150685, 9.48427673, 159
398, RVC3C32X, 1335, 10660860811000, 8544000, 18690000, 3.65753425, 9.02027027, 148
399, RVC3VC32, 1281, 10711672621000, 8198400, 17934000, 3.50958904, 8.21153846, 156
400, RVC4C40X, 1259, 10292731055000, 8057600, 17626000, 3.44931507, 8.86619718, 142
401, RVC4VC40, 1448, 11149306774000, 9267200, 20272000, 3.96712329, 9.58940397, 151
402, RVC5C50X, 1395, 11497691628000, 8928000, 19530000, 3.82191781, 9.23841060, 151
403, RVC5VC50, 1386, 12025039099000, 8870400, 19404000, 3.79726027, 8.88461538, 156
404, RVC6C63X, 1596, 13211178595000, 10214400, 22344000, 4.37260274, 9.79141104, 163
405, RVC6VC63, 1529, 11274150094000, 9785600, 21406000, 4.18904110, 9.99346405, 153
406, RZC22010, 1341, 11007411117000, 8582400, 18774000, 3.67397260, 8.70779221, 154
407, RZC22510, 1551, 12442491617000, 9926400, 21714000, 4.24931507, 8.91379310, 174
408, RZC2C20X, 1498, 11979615472000, 9587200, 20972000, 4.10410959, 9.19018405, 163
409, RZC2C25X, 1629, 13330504114000, 10425600, 22806000, 4.46301370, 9.36206897, 174
410, RZC33210, 1330, 9803236824000, 8512000, 18620000, 3.64383562, 9.17241379, 145
411, RZC3C32X, 1555, 13239613805000, 9952000, 21770000, 4.26027397, 9.42424242, 165
412, RZC4C408, 1383, 10716336752000, 8851200, 19362000, 3.78904110, 9.22000000, 150
413, RZC4C40X, 1354, 11583661034000, 8665600, 18956000, 3.70958904, 8.56962025, 158
414, RZC5C506, 1587, 9876441252000, 10156800, 22218000, 4.34794521, 9.17341040, 173
415, RZC5C50X, 1307, 10542689451000, 8364800, 18298000, 3.58082192, 9.20422535, 142
416, RZC6C636, 1521, 12819417803000, 9734400, 21294000, 4.16712329, 9.50625000, 160
417, RZRNN20X, 1756, 13026165933000, 11238400, 24584000, 4.81095890, 9.75555556, 180
418, RZRNN25X, 1472, 10246767063000, 9420800, 20608000, 4.03287671, 9.81333333, 150
419, RZRNN32X, 1432, 9808421713000, 9164800, 20048000, 3.92328767, 9.42105263, 152
420, RZRNN50X, 1509, 10487383912000, 9657600, 21126000, 4.13424658, 9.61146497, 157
421, RZRNRN20, 1354, 12137478924000, 8665600, 18956000, 3.70958904, 8.90789474, 152
422, RZRNRN25, 1319, 10513495687000, 8441600, 18466000, 3.61369863, 8.73509934, 151
423, RZRNRN32, 1474, 14233937134000, 9433600, 20636000, 4.03835616, 9.38853503, 157
424, RZRNRN40, 1244, 10361911694000, 7961600, 17416000, 3.40821918, 8.69930070, 143
425, RZRNRN50, 1518, 12047660559000, 9715200, 21252000, 4.15890411, 9.31288344, 163
426, RZRNRN63, 1717, 14474523641000, 10988800, 24038000, 4.70410959, 9.18181818, 187
427, RZRTRT20, 1411, 10636243414000, 9030400, 19754000, 3.86575342, 8.50000000, 166
428, RZRTRT25, 1308, 10355164513000, 8371200, 18312000, 3.58356164, 8.43870968, 155
429, RZRTRT32, 1516, 10829234514000, 9702400, 21224000, 4.15342466, 8.71264368, 174
430, RZRTRT40, 1427, 10267168465000, 9132800, 19978000, 3.90958904, 9.14743590, 156
431, RZRTRT50, 1510, 11167155319000, 9664000, 21140000, 4.13698630, 9.04191617, 167
432, RZRTRT63, 1868, 13681994260000, 11955200, 26152000, 5.11780822, 10.04301075, 186
433, RZRTT20X, 1505, 11165607537000, 9632000, 21070000, 4.12328767, 9.64743590, 156
434, RZRTT25X, 1692, 11626817907000, 10828800, 23688000, 4.63561644, 9.78034682, 173